Time,species,Age,numbers,.id,Ageclass
1955,Cod,1,382172000,Cod1_Nums,Ageclass 1
1955,Cod,2,221163000,Cod2_Nums,Ageclass 2
1955,Cod,3,151014000,Cod3_Nums,Ageclass 3
1955,Cod,4,211538000,Cod4_Nums,Ageclass 4
1955,Cod,5,199652000,Cod5_Nums,Ageclass 5
1955,Cod,6,110948000,Cod6_Nums,Ageclass 6
1955,Cod,7,31896000,Cod7_Nums,Ageclass 7
1955,Cod,8,20440000,Cod8_Nums,Ageclass 8
1955,Cod,9,9573000,Cod9_Nums,Ageclass 9
1955,Cod,10,77118000,Cod10_Nums,Ageclass 10
1955,Cod,11,6371000,Cod11_Nums,Ageclass 11
1955,Cod,12,4707000,Cod12_Nums,Ageclass 12
1955,Cod,13,5492000,Cod13_Nums,Ageclass 13
1955,Cod,14,1820000,Cod14_Nums,Ageclass 14
1956,Cod,1,509117000,Cod1_Nums,Ageclass 1
1956,Cod,2,248412000,Cod2_Nums,Ageclass 2
1956,Cod,3,143756000,Cod3_Nums,Ageclass 3
1956,Cod,4,116170000,Cod4_Nums,Ageclass 4
1956,Cod,5,145110000,Cod5_Nums,Ageclass 5
1956,Cod,6,128590000,Cod6_Nums,Ageclass 6
1956,Cod,7,70710000,Cod7_Nums,Ageclass 7
1956,Cod,8,19158000,Cod8_Nums,Ageclass 8
1956,Cod,9,11538000,Cod9_Nums,Ageclass 9
1956,Cod,10,5182000,Cod10_Nums,Ageclass 10
1956,Cod,11,38312000,Cod11_Nums,Ageclass 11
1956,Cod,12,2976000,Cod12_Nums,Ageclass 12
1956,Cod,13,2277000,Cod13_Nums,Ageclass 13
1956,Cod,14,2656000,Cod14_Nums,Ageclass 14
1957,Cod,1,719863000,Cod1_Nums,Ageclass 1
1957,Cod,2,330926000,Cod2_Nums,Ageclass 2
1957,Cod,3,161468000,Cod3_Nums,Ageclass 3
1957,Cod,4,110617000,Cod4_Nums,Ageclass 4
1957,Cod,5,79752000,Cod5_Nums,Ageclass 5
1957,Cod,6,93561000,Cod6_Nums,Ageclass 6
1957,Cod,7,82045000,Cod7_Nums,Ageclass 7
1957,Cod,8,42528000,Cod8_Nums,Ageclass 8
1957,Cod,9,10832000,Cod9_Nums,Ageclass 9
1957,Cod,10,6257000,Cod10_Nums,Ageclass 10
1957,Cod,11,2580000,Cod11_Nums,Ageclass 11
1957,Cod,12,17940000,Cod12_Nums,Ageclass 12
1957,Cod,13,1443000,Cod13_Nums,Ageclass 13
1957,Cod,14,1104000,Cod14_Nums,Ageclass 14
1958,Cod,1,363678000,Cod1_Nums,Ageclass 1
1958,Cod,2,467911000,Cod2_Nums,Ageclass 2
1958,Cod,3,215102000,Cod3_Nums,Ageclass 3
1958,Cod,4,123338000,Cod4_Nums,Ageclass 4
1958,Cod,5,74376000,Cod5_Nums,Ageclass 5
1958,Cod,6,49990000,Cod6_Nums,Ageclass 6
1958,Cod,7,57962000,Cod7_Nums,Ageclass 7
1958,Cod,8,47580000,Cod8_Nums,Ageclass 8
1958,Cod,9,34750000,Cod9_Nums,Ageclass 9
1958,Cod,10,5595000,Cod10_Nums,Ageclass 10
1958,Cod,11,2938000,Cod11_Nums,Ageclass 11
1958,Cod,12,1131000,Cod12_Nums,Ageclass 12
1958,Cod,13,8175000,Cod13_Nums,Ageclass 13
1958,Cod,14,657000,Cod14_Nums,Ageclass 14
1959,Cod,1,463735000,Cod1_Nums,Ageclass 1
1959,Cod,2,236391000,Cod2_Nums,Ageclass 2
1959,Cod,3,304142000,Cod3_Nums,Ageclass 3
1959,Cod,4,162879000,Cod4_Nums,Ageclass 4
1959,Cod,5,80900000,Cod5_Nums,Ageclass 5
1959,Cod,6,45079000,Cod6_Nums,Ageclass 6
1959,Cod,7,29902000,Cod7_Nums,Ageclass 7
1959,Cod,8,32186000,Cod8_Nums,Ageclass 8
1959,Cod,9,39724000,Cod9_Nums,Ageclass 9
1959,Cod,10,16939000,Cod10_Nums,Ageclass 10
1959,Cod,11,2449000,Cod11_Nums,Ageclass 11
1959,Cod,12,1190000,Cod12_Nums,Ageclass 12
1959,Cod,13,479000,Cod13_Nums,Ageclass 13
1959,Cod,14,3461000,Cod14_Nums,Ageclass 14
1960,Cod,1,296215000,Cod1_Nums,Ageclass 1
1960,Cod,2,301428000,Cod2_Nums,Ageclass 2
1960,Cod,3,153654000,Cod3_Nums,Ageclass 3
1960,Cod,4,232451000,Cod4_Nums,Ageclass 4
1960,Cod,5,109690000,Cod5_Nums,Ageclass 5
1960,Cod,6,50819000,Cod6_Nums,Ageclass 6
1960,Cod,7,27990000,Cod7_Nums,Ageclass 7
1960,Cod,8,17389000,Cod8_Nums,Ageclass 8
1960,Cod,9,17478000,Cod9_Nums,Ageclass 9
1960,Cod,10,31621000,Cod10_Nums,Ageclass 10
1960,Cod,11,7988000,Cod11_Nums,Ageclass 11
1960,Cod,12,1079000,Cod12_Nums,Ageclass 12
1960,Cod,13,545000,Cod13_Nums,Ageclass 13
1960,Cod,14,219000,Cod14_Nums,Ageclass 14
1961,Cod,1,409974000,Cod1_Nums,Ageclass 1
1961,Cod,2,192540000,Cod2_Nums,Ageclass 2
1961,Cod,3,195928000,Cod3_Nums,Ageclass 3
1961,Cod,4,116498000,Cod4_Nums,Ageclass 4
1961,Cod,5,153022000,Cod5_Nums,Ageclass 5
1961,Cod,6,66810000,Cod6_Nums,Ageclass 6
1961,Cod,7,30554000,Cod7_Nums,Ageclass 7
1961,Cod,8,15642000,Cod8_Nums,Ageclass 8
1961,Cod,9,9002000,Cod9_Nums,Ageclass 9
1961,Cod,10,8592000,Cod10_Nums,Ageclass 10
1961,Cod,11,13984000,Cod11_Nums,Ageclass 11
1961,Cod,12,3274000,Cod12_Nums,Ageclass 12
1961,Cod,13,462000,Cod13_Nums,Ageclass 13
1961,Cod,14,233000,Cod14_Nums,Ageclass 14
1962,Cod,1,467626000,Cod1_Nums,Ageclass 1
1962,Cod,2,266483000,Cod2_Nums,Ageclass 2
1962,Cod,3,125151000,Cod3_Nums,Ageclass 3
1962,Cod,4,149270000,Cod4_Nums,Ageclass 4
1962,Cod,5,77752000,Cod5_Nums,Ageclass 5
1962,Cod,6,94957000,Cod6_Nums,Ageclass 6
1962,Cod,7,40957000,Cod7_Nums,Ageclass 7
1962,Cod,8,17490000,Cod8_Nums,Ageclass 8
1962,Cod,9,25151000,Cod9_Nums,Ageclass 9
1962,Cod,10,4570000,Cod10_Nums,Ageclass 10
1962,Cod,11,3950000,Cod11_Nums,Ageclass 11
1962,Cod,12,5988000,Cod12_Nums,Ageclass 12
1962,Cod,13,1460000,Cod13_Nums,Ageclass 13
1962,Cod,14,206000,Cod14_Nums,Ageclass 14
1963,Cod,1,519789000,Cod1_Nums,Ageclass 1
1963,Cod,2,303957000,Cod2_Nums,Ageclass 2
1963,Cod,3,173214000,Cod3_Nums,Ageclass 3
1963,Cod,4,95319000,Cod4_Nums,Ageclass 4
1963,Cod,5,99538000,Cod5_Nums,Ageclass 5
1963,Cod,6,48192000,Cod6_Nums,Ageclass 6
1963,Cod,7,58141000,Cod7_Nums,Ageclass 7
1963,Cod,8,23410000,Cod8_Nums,Ageclass 8
1963,Cod,9,9303000,Cod9_Nums,Ageclass 9
1963,Cod,10,12742000,Cod10_Nums,Ageclass 10
1963,Cod,11,2096000,Cod11_Nums,Ageclass 11
1963,Cod,12,1687000,Cod12_Nums,Ageclass 12
1963,Cod,13,2662000,Cod13_Nums,Ageclass 13
1963,Cod,14,649000,Cod14_Nums,Ageclass 14
1964,Cod,1,551595000,Cod1_Nums,Ageclass 1
1964,Cod,2,337863000,Cod2_Nums,Ageclass 2
1964,Cod,3,197572000,Cod3_Nums,Ageclass 3
1964,Cod,4,130592000,Cod4_Nums,Ageclass 4
1964,Cod,5,61755000,Cod5_Nums,Ageclass 5
1964,Cod,6,59329000,Cod6_Nums,Ageclass 6
1964,Cod,7,28327000,Cod7_Nums,Ageclass 7
1964,Cod,8,31596000,Cod8_Nums,Ageclass 8
1964,Cod,9,11719000,Cod9_Nums,Ageclass 9
1964,Cod,10,4408000,Cod10_Nums,Ageclass 10
1964,Cod,11,5387000,Cod11_Nums,Ageclass 11
1964,Cod,12,817000,Cod12_Nums,Ageclass 12
1964,Cod,13,688000,Cod13_Nums,Ageclass 13
1964,Cod,14,1086000,Cod14_Nums,Ageclass 14
1965,Cod,1,758185000,Cod1_Nums,Ageclass 1
1965,Cod,2,358537000,Cod2_Nums,Ageclass 2
1965,Cod,3,219611000,Cod3_Nums,Ageclass 3
1965,Cod,4,147336000,Cod4_Nums,Ageclass 4
1965,Cod,5,82021000,Cod5_Nums,Ageclass 5
1965,Cod,6,35291000,Cod6_Nums,Ageclass 6
1965,Cod,7,33374000,Cod7_Nums,Ageclass 7
1965,Cod,8,14579000,Cod8_Nums,Ageclass 8
1965,Cod,9,14818000,Cod9_Nums,Ageclass 9
1965,Cod,10,5161000,Cod10_Nums,Ageclass 10
1965,Cod,11,1707000,Cod11_Nums,Ageclass 11
1965,Cod,12,1902000,Cod12_Nums,Ageclass 12
1965,Cod,13,304000,Cod13_Nums,Ageclass 13
1965,Cod,14,256000,Cod14_Nums,Ageclass 14
1966,Cod,1,405082000,Cod1_Nums,Ageclass 1
1966,Cod,2,492820000,Cod2_Nums,Ageclass 2
1966,Cod,3,233049000,Cod3_Nums,Ageclass 3
1966,Cod,4,162540000,Cod4_Nums,Ageclass 4
1966,Cod,5,90577000,Cod5_Nums,Ageclass 5
1966,Cod,6,45530000,Cod6_Nums,Ageclass 6
1966,Cod,7,19259000,Cod7_Nums,Ageclass 7
1966,Cod,8,16544000,Cod8_Nums,Ageclass 8
1966,Cod,9,6536000,Cod9_Nums,Ageclass 9
1966,Cod,10,6207000,Cod10_Nums,Ageclass 10
1966,Cod,11,1882000,Cod11_Nums,Ageclass 11
1966,Cod,12,563000,Cod12_Nums,Ageclass 12
1966,Cod,13,664000,Cod13_Nums,Ageclass 13
1966,Cod,14,106000,Cod14_Nums,Ageclass 14
1967,Cod,1,567135000,Cod1_Nums,Ageclass 1
1967,Cod,2,263303000,Cod2_Nums,Ageclass 2
1967,Cod,3,320333000,Cod3_Nums,Ageclass 3
1967,Cod,4,173838000,Cod4_Nums,Ageclass 4
1967,Cod,5,102164000,Cod5_Nums,Ageclass 5
1967,Cod,6,51814000,Cod6_Nums,Ageclass 6
1967,Cod,7,25639000,Cod7_Nums,Ageclass 7
1967,Cod,8,9925000,Cod8_Nums,Ageclass 8
1967,Cod,9,7771000,Cod9_Nums,Ageclass 9
1967,Cod,10,2884000,Cod10_Nums,Ageclass 10
1967,Cod,11,2409000,Cod11_Nums,Ageclass 11
1967,Cod,12,666000,Cod12_Nums,Ageclass 12
1967,Cod,13,210000,Cod13_Nums,Ageclass 13
1967,Cod,14,248000,Cod14_Nums,Ageclass 14
1968,Cod,1,424857000,Cod1_Nums,Ageclass 1
1968,Cod,2,368638000,Cod2_Nums,Ageclass 2
1968,Cod,3,171147000,Cod3_Nums,Ageclass 3
1968,Cod,4,240500000,Cod4_Nums,Ageclass 4
1968,Cod,5,111294000,Cod5_Nums,Ageclass 5
1968,Cod,6,59919000,Cod6_Nums,Ageclass 6
1968,Cod,7,29948000,Cod7_Nums,Ageclass 7
1968,Cod,8,13646000,Cod8_Nums,Ageclass 8
1968,Cod,9,4846000,Cod9_Nums,Ageclass 9
1968,Cod,10,3579000,Cod10_Nums,Ageclass 10
1968,Cod,11,1179000,Cod11_Nums,Ageclass 11
1968,Cod,12,904000,Cod12_Nums,Ageclass 12
1968,Cod,13,262000,Cod13_Nums,Ageclass 13
1968,Cod,14,83000,Cod14_Nums,Ageclass 14
1969,Cod,1,456812000,Cod1_Nums,Ageclass 1
1969,Cod,2,276157000,Cod2_Nums,Ageclass 2
1969,Cod,3,239615000,Cod3_Nums,Ageclass 3
1969,Cod,4,126627000,Cod4_Nums,Ageclass 4
1969,Cod,5,147706000,Cod5_Nums,Ageclass 5
1969,Cod,6,61698000,Cod6_Nums,Ageclass 6
1969,Cod,7,32654000,Cod7_Nums,Ageclass 7
1969,Cod,8,44935000,Cod8_Nums,Ageclass 8
1969,Cod,9,6105000,Cod9_Nums,Ageclass 9
1969,Cod,10,2025000,Cod10_Nums,Ageclass 10
1969,Cod,11,1301000,Cod11_Nums,Ageclass 11
1969,Cod,12,388000,Cod12_Nums,Ageclass 12
1969,Cod,13,315000,Cod13_Nums,Ageclass 13
1969,Cod,14,91000,Cod14_Nums,Ageclass 14
1970,Cod,1,335834000,Cod1_Nums,Ageclass 1
1970,Cod,2,296928000,Cod2_Nums,Ageclass 2
1970,Cod,3,179502000,Cod3_Nums,Ageclass 3
1970,Cod,4,180724000,Cod4_Nums,Ageclass 4
1970,Cod,5,82130000,Cod5_Nums,Ageclass 5
1970,Cod,6,88172000,Cod6_Nums,Ageclass 6
1970,Cod,7,36323000,Cod7_Nums,Ageclass 7
1970,Cod,8,31391000,Cod8_Nums,Ageclass 8
1970,Cod,9,22548000,Cod9_Nums,Ageclass 9
1970,Cod,10,2899000,Cod10_Nums,Ageclass 10
1970,Cod,11,859000,Cod11_Nums,Ageclass 11
1970,Cod,12,509000,Cod12_Nums,Ageclass 12
1970,Cod,13,159000,Cod13_Nums,Ageclass 13
1970,Cod,14,129000,Cod14_Nums,Ageclass 14
1971,Cod,1,657451000,Cod1_Nums,Ageclass 1
1971,Cod,2,218292000,Cod2_Nums,Ageclass 2
1971,Cod,3,193003000,Cod3_Nums,Ageclass 3
1971,Cod,4,132806000,Cod4_Nums,Ageclass 4
1971,Cod,5,110990000,Cod5_Nums,Ageclass 5
1971,Cod,6,45528000,Cod6_Nums,Ageclass 6
1971,Cod,7,48048000,Cod7_Nums,Ageclass 7
1971,Cod,8,17974000,Cod8_Nums,Ageclass 8
1971,Cod,9,14044000,Cod9_Nums,Ageclass 9
1971,Cod,10,9423000,Cod10_Nums,Ageclass 10
1971,Cod,11,1054000,Cod11_Nums,Ageclass 11
1971,Cod,12,282000,Cod12_Nums,Ageclass 12
1971,Cod,13,177000,Cod13_Nums,Ageclass 13
1971,Cod,14,55000,Cod14_Nums,Ageclass 14
1972,Cod,1,442629000,Cod1_Nums,Ageclass 1
1972,Cod,2,427343000,Cod2_Nums,Ageclass 2
1972,Cod,3,141890000,Cod3_Nums,Ageclass 3
1972,Cod,4,140008000,Cod4_Nums,Ageclass 4
1972,Cod,5,77123000,Cod5_Nums,Ageclass 5
1972,Cod,6,57030000,Cod6_Nums,Ageclass 6
1972,Cod,7,22920000,Cod7_Nums,Ageclass 7
1972,Cod,8,21558000,Cod8_Nums,Ageclass 8
1972,Cod,9,23526000,Cod9_Nums,Ageclass 9
1972,Cod,10,5149000,Cod10_Nums,Ageclass 10
1972,Cod,11,2925000,Cod11_Nums,Ageclass 11
1972,Cod,12,290000,Cod12_Nums,Ageclass 12
1972,Cod,13,83000,Cod13_Nums,Ageclass 13
1972,Cod,14,52000,Cod14_Nums,Ageclass 14
1973,Cod,1,613697000,Cod1_Nums,Ageclass 1
1973,Cod,2,287709000,Cod2_Nums,Ageclass 2
1973,Cod,3,277773000,Cod3_Nums,Ageclass 3
1973,Cod,4,102996000,Cod4_Nums,Ageclass 4
1973,Cod,5,81455000,Cod5_Nums,Ageclass 5
1973,Cod,6,39727000,Cod6_Nums,Ageclass 6
1973,Cod,7,28785000,Cod7_Nums,Ageclass 7
1973,Cod,8,10316000,Cod8_Nums,Ageclass 8
1973,Cod,9,8607000,Cod9_Nums,Ageclass 9
1973,Cod,10,8663000,Cod10_Nums,Ageclass 10
1973,Cod,11,1607000,Cod11_Nums,Ageclass 11
1973,Cod,12,810000,Cod12_Nums,Ageclass 12
1973,Cod,13,86000,Cod13_Nums,Ageclass 13
1973,Cod,14,25000,Cod14_Nums,Ageclass 14
1974,Cod,1,877505000,Cod1_Nums,Ageclass 1
1974,Cod,2,398903000,Cod2_Nums,Ageclass 2
1974,Cod,3,187011000,Cod3_Nums,Ageclass 3
1974,Cod,4,200365000,Cod4_Nums,Ageclass 4
1974,Cod,5,58859000,Cod5_Nums,Ageclass 5
1974,Cod,6,40951000,Cod6_Nums,Ageclass 6
1974,Cod,7,19550000,Cod7_Nums,Ageclass 7
1974,Cod,8,12556000,Cod8_Nums,Ageclass 8
1974,Cod,9,3967000,Cod9_Nums,Ageclass 9
1974,Cod,10,3039000,Cod10_Nums,Ageclass 10
1974,Cod,11,2570000,Cod11_Nums,Ageclass 11
1974,Cod,12,420000,Cod12_Nums,Ageclass 12
1974,Cod,13,228000,Cod13_Nums,Ageclass 13
1974,Cod,14,24000,Cod14_Nums,Ageclass 14
1975,Cod,1,340963000,Cod1_Nums,Ageclass 1
1975,Cod,2,570378000,Cod2_Nums,Ageclass 2
1975,Cod,3,259287000,Cod3_Nums,Ageclass 3
1975,Cod,4,134366000,Cod4_Nums,Ageclass 4
1975,Cod,5,113229000,Cod5_Nums,Ageclass 5
1975,Cod,6,29146000,Cod6_Nums,Ageclass 6
1975,Cod,7,19836000,Cod7_Nums,Ageclass 7
1975,Cod,8,8363000,Cod8_Nums,Ageclass 8
1975,Cod,9,4716000,Cod9_Nums,Ageclass 9
1975,Cod,10,1365000,Cod10_Nums,Ageclass 10
1975,Cod,11,874000,Cod11_Nums,Ageclass 11
1975,Cod,12,649000,Cod12_Nums,Ageclass 12
1975,Cod,13,114000,Cod13_Nums,Ageclass 13
1975,Cod,14,62000,Cod14_Nums,Ageclass 14
1976,Cod,1,532871000,Cod1_Nums,Ageclass 1
1976,Cod,2,221626000,Cod2_Nums,Ageclass 2
1976,Cod,3,370746000,Cod3_Nums,Ageclass 3
1976,Cod,4,186520000,Cod4_Nums,Ageclass 4
1976,Cod,5,76192000,Cod5_Nums,Ageclass 5
1976,Cod,6,56330000,Cod6_Nums,Ageclass 6
1976,Cod,7,14186000,Cod7_Nums,Ageclass 7
1976,Cod,8,8536000,Cod8_Nums,Ageclass 8
1976,Cod,9,3164000,Cod9_Nums,Ageclass 9
1976,Cod,10,1636000,Cod10_Nums,Ageclass 10
1976,Cod,11,396000,Cod11_Nums,Ageclass 11
1976,Cod,12,223000,Cod12_Nums,Ageclass 12
1976,Cod,13,178000,Cod13_Nums,Ageclass 13
1976,Cod,14,31000,Cod14_Nums,Ageclass 14
1977,Cod,1,566655000,Cod1_Nums,Ageclass 1
1977,Cod,2,346366000,Cod2_Nums,Ageclass 2
1977,Cod,3,144057000,Cod3_Nums,Ageclass 3
1977,Cod,4,289546000,Cod4_Nums,Ageclass 4
1977,Cod,5,120835000,Cod5_Nums,Ageclass 5
1977,Cod,6,41380000,Cod6_Nums,Ageclass 6
1977,Cod,7,25635000,Cod7_Nums,Ageclass 7
1977,Cod,8,5524000,Cod8_Nums,Ageclass 8
1977,Cod,9,2943000,Cod9_Nums,Ageclass 9
1977,Cod,10,1114000,Cod10_Nums,Ageclass 10
1977,Cod,11,6.00E+05,Cod11_Nums,Ageclass 11
1977,Cod,12,166000,Cod12_Nums,Ageclass 12
1977,Cod,13,90000,Cod13_Nums,Ageclass 13
1977,Cod,14,72000,Cod14_Nums,Ageclass 14
1978,Cod,1,334542000,Cod1_Nums,Ageclass 1
1978,Cod,2,368326000,Cod2_Nums,Ageclass 2
1978,Cod,3,225138000,Cod3_Nums,Ageclass 3
1978,Cod,4,113517000,Cod4_Nums,Ageclass 4
1978,Cod,5,196093000,Cod5_Nums,Ageclass 5
1978,Cod,6,70938000,Cod6_Nums,Ageclass 6
1978,Cod,7,21050000,Cod7_Nums,Ageclass 7
1978,Cod,8,11493000,Cod8_Nums,Ageclass 8
1978,Cod,9,2244000,Cod9_Nums,Ageclass 9
1978,Cod,10,1216000,Cod10_Nums,Ageclass 10
1978,Cod,11,476000,Cod11_Nums,Ageclass 11
1978,Cod,12,286000,Cod12_Nums,Ageclass 12
1978,Cod,13,77000,Cod13_Nums,Ageclass 13
1978,Cod,14,41000,Cod14_Nums,Ageclass 14
1979,Cod,1,345117000,Cod1_Nums,Ageclass 1
1979,Cod,2,217452000,Cod2_Nums,Ageclass 2
1979,Cod,3,239412000,Cod3_Nums,Ageclass 3
1979,Cod,4,178722000,Cod4_Nums,Ageclass 4
1979,Cod,5,79741000,Cod5_Nums,Ageclass 5
1979,Cod,6,122738000,Cod6_Nums,Ageclass 6
1979,Cod,7,39550000,Cod7_Nums,Ageclass 7
1979,Cod,8,10598000,Cod8_Nums,Ageclass 8
1979,Cod,9,5343000,Cod9_Nums,Ageclass 9
1979,Cod,10,1058000,Cod10_Nums,Ageclass 10
1979,Cod,11,589000,Cod11_Nums,Ageclass 11
1979,Cod,12,252000,Cod12_Nums,Ageclass 12
1979,Cod,13,147000,Cod13_Nums,Ageclass 13
1979,Cod,14,40000,Cod14_Nums,Ageclass 14
1980,Cod,1,329849000,Cod1_Nums,Ageclass 1
1980,Cod,2,224326000,Cod2_Nums,Ageclass 2
1980,Cod,3,141344000,Cod3_Nums,Ageclass 3
1980,Cod,4,190362000,Cod4_Nums,Ageclass 4
1980,Cod,5,126561000,Cod5_Nums,Ageclass 5
1980,Cod,6,50622000,Cod6_Nums,Ageclass 6
1980,Cod,7,75313000,Cod7_Nums,Ageclass 7
1980,Cod,8,20430000,Cod8_Nums,Ageclass 8
1980,Cod,9,5076000,Cod9_Nums,Ageclass 9
1980,Cod,10,2593000,Cod10_Nums,Ageclass 10
1980,Cod,11,527000,Cod11_Nums,Ageclass 11
1980,Cod,12,319000,Cod12_Nums,Ageclass 12
1980,Cod,13,133000,Cod13_Nums,Ageclass 13
1980,Cod,14,78000,Cod14_Nums,Ageclass 14
1981,Cod,1,545262000,Cod1_Nums,Ageclass 1
1981,Cod,2,214402000,Cod2_Nums,Ageclass 2
1981,Cod,3,145812000,Cod3_Nums,Ageclass 3
1981,Cod,4,112043000,Cod4_Nums,Ageclass 4
1981,Cod,5,132773000,Cod5_Nums,Ageclass 5
1981,Cod,6,78235000,Cod6_Nums,Ageclass 6
1981,Cod,7,27724000,Cod7_Nums,Ageclass 7
1981,Cod,8,45492000,Cod8_Nums,Ageclass 8
1981,Cod,9,9252000,Cod9_Nums,Ageclass 9
1981,Cod,10,2332000,Cod10_Nums,Ageclass 10
1981,Cod,11,1226000,Cod11_Nums,Ageclass 11
1981,Cod,12,273000,Cod12_Nums,Ageclass 12
1981,Cod,13,161000,Cod13_Nums,Ageclass 13
1981,Cod,14,67000,Cod14_Nums,Ageclass 14
1982,Cod,1,332325000,Cod1_Nums,Ageclass 1
1982,Cod,2,354420000,Cod2_Nums,Ageclass 2
1982,Cod,3,139361000,Cod3_Nums,Ageclass 3
1982,Cod,4,114574000,Cod4_Nums,Ageclass 4
1982,Cod,5,74818000,Cod5_Nums,Ageclass 5
1982,Cod,6,76044000,Cod6_Nums,Ageclass 6
1982,Cod,7,38415000,Cod7_Nums,Ageclass 7
1982,Cod,8,11886000,Cod8_Nums,Ageclass 8
1982,Cod,9,17541000,Cod9_Nums,Ageclass 9
1982,Cod,10,3633000,Cod10_Nums,Ageclass 10
1982,Cod,11,950000,Cod11_Nums,Ageclass 11
1982,Cod,12,561000,Cod12_Nums,Ageclass 12
1982,Cod,13,121000,Cod13_Nums,Ageclass 13
1982,Cod,14,71000,Cod14_Nums,Ageclass 14
1983,Cod,1,329592000,Cod1_Nums,Ageclass 1
1983,Cod,2,216011000,Cod2_Nums,Ageclass 2
1983,Cod,3,230373000,Cod3_Nums,Ageclass 3
1983,Cod,4,108878000,Cod4_Nums,Ageclass 4
1983,Cod,5,74359000,Cod5_Nums,Ageclass 5
1983,Cod,6,40763000,Cod6_Nums,Ageclass 6
1983,Cod,7,34763000,Cod7_Nums,Ageclass 7
1983,Cod,8,15045000,Cod8_Nums,Ageclass 8
1983,Cod,9,4125000,Cod9_Nums,Ageclass 9
1983,Cod,10,6216000,Cod10_Nums,Ageclass 10
1983,Cod,11,1342000,Cod11_Nums,Ageclass 11
1983,Cod,12,401000,Cod12_Nums,Ageclass 12
1983,Cod,13,228000,Cod13_Nums,Ageclass 13
1983,Cod,14,49000,Cod14_Nums,Ageclass 14
1984,Cod,1,720355000,Cod1_Nums,Ageclass 1
1984,Cod,2,214235000,Cod2_Nums,Ageclass 2
1984,Cod,3,140407000,Cod3_Nums,Ageclass 3
1984,Cod,4,180529000,Cod4_Nums,Ageclass 4
1984,Cod,5,71732000,Cod5_Nums,Ageclass 5
1984,Cod,6,41594000,Cod6_Nums,Ageclass 6
1984,Cod,7,19350000,Cod7_Nums,Ageclass 7
1984,Cod,8,14280000,Cod8_Nums,Ageclass 8
1984,Cod,9,5519000,Cod9_Nums,Ageclass 9
1984,Cod,10,1543000,Cod10_Nums,Ageclass 10
1984,Cod,11,2417000,Cod11_Nums,Ageclass 11
1984,Cod,12,591000,Cod12_Nums,Ageclass 12
1984,Cod,13,170000,Cod13_Nums,Ageclass 13
1984,Cod,14,97000,Cod14_Nums,Ageclass 14
1985,Cod,1,597425000,Cod1_Nums,Ageclass 1
1985,Cod,2,468231000,Cod2_Nums,Ageclass 2
1985,Cod,3,139253000,Cod3_Nums,Ageclass 3
1985,Cod,4,110353000,Cod4_Nums,Ageclass 4
1985,Cod,5,120694000,Cod5_Nums,Ageclass 5
1985,Cod,6,41169000,Cod6_Nums,Ageclass 6
1985,Cod,7,20484000,Cod7_Nums,Ageclass 7
1985,Cod,8,8327000,Cod8_Nums,Ageclass 8
1985,Cod,9,5530000,Cod9_Nums,Ageclass 9
1985,Cod,10,2177000,Cod10_Nums,Ageclass 10
1985,Cod,11,631000,Cod11_Nums,Ageclass 11
1985,Cod,12,1110000,Cod12_Nums,Ageclass 12
1985,Cod,13,262000,Cod13_Nums,Ageclass 13
1985,Cod,14,75000,Cod14_Nums,Ageclass 14
1986,Cod,1,416377000,Cod1_Nums,Ageclass 1
1986,Cod,2,388326000,Cod2_Nums,Ageclass 2
1986,Cod,3,304350000,Cod3_Nums,Ageclass 3
1986,Cod,4,108901000,Cod4_Nums,Ageclass 4
1986,Cod,5,71973000,Cod5_Nums,Ageclass 5
1986,Cod,6,66326000,Cod6_Nums,Ageclass 6
1986,Cod,7,19054000,Cod7_Nums,Ageclass 7
1986,Cod,8,8149000,Cod8_Nums,Ageclass 8
1986,Cod,9,2943000,Cod9_Nums,Ageclass 9
1986,Cod,10,1995000,Cod10_Nums,Ageclass 10
1986,Cod,11,817000,Cod11_Nums,Ageclass 11
1986,Cod,12,270000,Cod12_Nums,Ageclass 12
1986,Cod,13,457000,Cod13_Nums,Ageclass 13
1986,Cod,14,108000,Cod14_Nums,Ageclass 14
1987,Cod,1,228291000,Cod1_Nums,Ageclass 1
1987,Cod,2,270645000,Cod2_Nums,Ageclass 2
1987,Cod,3,252412000,Cod3_Nums,Ageclass 3
1987,Cod,4,235676000,Cod4_Nums,Ageclass 4
1987,Cod,5,67632000,Cod5_Nums,Ageclass 5
1987,Cod,6,36298000,Cod6_Nums,Ageclass 6
1987,Cod,7,27149000,Cod7_Nums,Ageclass 7
1987,Cod,8,6489000,Cod8_Nums,Ageclass 8
1987,Cod,9,2403000,Cod9_Nums,Ageclass 9
1987,Cod,10,890000,Cod10_Nums,Ageclass 10
1987,Cod,11,633000,Cod11_Nums,Ageclass 11
1987,Cod,12,304000,Cod12_Nums,Ageclass 12
1987,Cod,13,96000,Cod13_Nums,Ageclass 13
1987,Cod,14,162000,Cod14_Nums,Ageclass 14
1988,Cod,1,310188000,Cod1_Nums,Ageclass 1
1988,Cod,2,148389000,Cod2_Nums,Ageclass 2
1988,Cod,3,175919000,Cod3_Nums,Ageclass 3
1988,Cod,4,194813000,Cod4_Nums,Ageclass 4
1988,Cod,5,143987000,Cod5_Nums,Ageclass 5
1988,Cod,6,33144000,Cod6_Nums,Ageclass 6
1988,Cod,7,14260000,Cod7_Nums,Ageclass 7
1988,Cod,8,8777000,Cod8_Nums,Ageclass 8
1988,Cod,9,1801000,Cod9_Nums,Ageclass 9
1988,Cod,10,685000,Cod10_Nums,Ageclass 10
1988,Cod,11,267000,Cod11_Nums,Ageclass 11
1988,Cod,12,225000,Cod12_Nums,Ageclass 12
1988,Cod,13,103000,Cod13_Nums,Ageclass 13
1988,Cod,14,32000,Cod14_Nums,Ageclass 14
1989,Cod,1,268258000,Cod1_Nums,Ageclass 1
1989,Cod,2,201622000,Cod2_Nums,Ageclass 2
1989,Cod,3,96453000,Cod3_Nums,Ageclass 3
1989,Cod,4,135614000,Cod4_Nums,Ageclass 4
1989,Cod,5,118322000,Cod5_Nums,Ageclass 5
1989,Cod,6,69836000,Cod6_Nums,Ageclass 6
1989,Cod,7,12829000,Cod7_Nums,Ageclass 7
1989,Cod,8,4525000,Cod8_Nums,Ageclass 8
1989,Cod,9,2384000,Cod9_Nums,Ageclass 9
1989,Cod,10,503000,Cod10_Nums,Ageclass 10
1989,Cod,11,202000,Cod11_Nums,Ageclass 11
1989,Cod,12,93000,Cod12_Nums,Ageclass 12
1989,Cod,13,75000,Cod13_Nums,Ageclass 13
1989,Cod,14,34000,Cod14_Nums,Ageclass 14
1990,Cod,1,403442000,Cod1_Nums,Ageclass 1
1990,Cod,2,174368000,Cod2_Nums,Ageclass 2
1990,Cod,3,131054000,Cod3_Nums,Ageclass 3
1990,Cod,4,75147000,Cod4_Nums,Ageclass 4
1990,Cod,5,86813000,Cod5_Nums,Ageclass 5
1990,Cod,6,92728000,Cod6_Nums,Ageclass 6
1990,Cod,7,30843000,Cod7_Nums,Ageclass 7
1990,Cod,8,4810000,Cod8_Nums,Ageclass 8
1990,Cod,9,1492000,Cod9_Nums,Ageclass 9
1990,Cod,10,804000,Cod10_Nums,Ageclass 10
1990,Cod,11,177000,Cod11_Nums,Ageclass 11
1990,Cod,12,82000,Cod12_Nums,Ageclass 12
1990,Cod,13,36000,Cod13_Nums,Ageclass 13
1990,Cod,14,29000,Cod14_Nums,Ageclass 14
1991,Cod,1,298608000,Cod1_Nums,Ageclass 1
1991,Cod,2,262237000,Cod2_Nums,Ageclass 2
1991,Cod,3,113339000,Cod3_Nums,Ageclass 3
1991,Cod,4,102032000,Cod4_Nums,Ageclass 4
1991,Cod,5,47937000,Cod5_Nums,Ageclass 5
1991,Cod,6,45890000,Cod6_Nums,Ageclass 6
1991,Cod,7,40596000,Cod7_Nums,Ageclass 7
1991,Cod,8,11436000,Cod8_Nums,Ageclass 8
1991,Cod,9,1566000,Cod9_Nums,Ageclass 9
1991,Cod,10,497000,Cod10_Nums,Ageclass 10
1991,Cod,11,280000,Cod11_Nums,Ageclass 11
1991,Cod,12,71000,Cod12_Nums,Ageclass 12
1991,Cod,13,31000,Cod13_Nums,Ageclass 13
1991,Cod,14,14000,Cod14_Nums,Ageclass 14
1992,Cod,1,192572000,Cod1_Nums,Ageclass 1
1992,Cod,2,194095000,Cod2_Nums,Ageclass 2
1992,Cod,3,170454000,Cod3_Nums,Ageclass 3
1992,Cod,4,87395000,Cod4_Nums,Ageclass 4
1992,Cod,5,62051000,Cod5_Nums,Ageclass 5
1992,Cod,6,23304000,Cod6_Nums,Ageclass 6
1992,Cod,7,17821000,Cod7_Nums,Ageclass 7
1992,Cod,8,12934000,Cod8_Nums,Ageclass 8
1992,Cod,9,3121000,Cod9_Nums,Ageclass 9
1992,Cod,10,439000,Cod10_Nums,Ageclass 10
1992,Cod,11,147000,Cod11_Nums,Ageclass 11
1992,Cod,12,98000,Cod12_Nums,Ageclass 12
1992,Cod,13,24000,Cod13_Nums,Ageclass 13
1992,Cod,14,10000,Cod14_Nums,Ageclass 14
1993,Cod,1,344254000,Cod1_Nums,Ageclass 1
1993,Cod,2,125172000,Cod2_Nums,Ageclass 2
1993,Cod,3,126162000,Cod3_Nums,Ageclass 3
1993,Cod,4,130556000,Cod4_Nums,Ageclass 4
1993,Cod,5,51408000,Cod5_Nums,Ageclass 5
1993,Cod,6,28453000,Cod6_Nums,Ageclass 6
1993,Cod,7,8324000,Cod7_Nums,Ageclass 7
1993,Cod,8,5108000,Cod8_Nums,Ageclass 8
1993,Cod,9,3121000,Cod9_Nums,Ageclass 9
1993,Cod,10,776000,Cod10_Nums,Ageclass 10
1993,Cod,11,116000,Cod11_Nums,Ageclass 11
1993,Cod,12,47000,Cod12_Nums,Ageclass 12
1993,Cod,13,30000,Cod13_Nums,Ageclass 13
1993,Cod,14,7137,Cod14_Nums,Ageclass 14
1994,Cod,1,379432000,Cod1_Nums,Ageclass 1
1994,Cod,2,223765000,Cod2_Nums,Ageclass 2
1994,Cod,3,81362000,Cod3_Nums,Ageclass 3
1994,Cod,4,96756000,Cod4_Nums,Ageclass 4
1994,Cod,5,77290000,Cod5_Nums,Ageclass 5
1994,Cod,6,23839000,Cod6_Nums,Ageclass 6
1994,Cod,7,10329000,Cod7_Nums,Ageclass 7
1994,Cod,8,2435000,Cod8_Nums,Ageclass 8
1994,Cod,9,1262000,Cod9_Nums,Ageclass 9
1994,Cod,10,794000,Cod10_Nums,Ageclass 10
1994,Cod,11,209000,Cod11_Nums,Ageclass 11
1994,Cod,12,38000,Cod12_Nums,Ageclass 12
1994,Cod,13,14000,Cod13_Nums,Ageclass 13
1994,Cod,14,9075,Cod14_Nums,Ageclass 14
1995,Cod,1,222348000,Cod1_Nums,Ageclass 1
1995,Cod,2,246631000,Cod2_Nums,Ageclass 2
1995,Cod,3,145447000,Cod3_Nums,Ageclass 3
1995,Cod,4,63726000,Cod4_Nums,Ageclass 4
1995,Cod,5,63588000,Cod5_Nums,Ageclass 5
1995,Cod,6,43045000,Cod6_Nums,Ageclass 6
1995,Cod,7,11246000,Cod7_Nums,Ageclass 7
1995,Cod,8,4209000,Cod8_Nums,Ageclass 8
1995,Cod,9,885000,Cod9_Nums,Ageclass 9
1995,Cod,10,468000,Cod10_Nums,Ageclass 10
1995,Cod,11,306000,Cod11_Nums,Ageclass 11
1995,Cod,12,91000,Cod12_Nums,Ageclass 12
1995,Cod,13,16000,Cod13_Nums,Ageclass 13
1995,Cod,14,6057,Cod14_Nums,Ageclass 14
1996,Cod,1,375546000,Cod1_Nums,Ageclass 1
1996,Cod,2,144526000,Cod2_Nums,Ageclass 2
1996,Cod,3,160310000,Cod3_Nums,Ageclass 3
1996,Cod,4,114910000,Cod4_Nums,Ageclass 4
1996,Cod,5,45560000,Cod5_Nums,Ageclass 5
1996,Cod,6,38618000,Cod6_Nums,Ageclass 6
1996,Cod,7,22527000,Cod7_Nums,Ageclass 7
1996,Cod,8,5174000,Cod8_Nums,Ageclass 8
1996,Cod,9,1786000,Cod9_Nums,Ageclass 9
1996,Cod,10,351000,Cod10_Nums,Ageclass 10
1996,Cod,11,178000,Cod11_Nums,Ageclass 11
1996,Cod,12,114000,Cod12_Nums,Ageclass 12
1996,Cod,13,35000,Cod13_Nums,Ageclass 13
1996,Cod,14,5977,Cod14_Nums,Ageclass 14
1997,Cod,1,180923000,Cod1_Nums,Ageclass 1
1997,Cod,2,244105000,Cod2_Nums,Ageclass 2
1997,Cod,3,93942000,Cod3_Nums,Ageclass 3
1997,Cod,4,126870000,Cod4_Nums,Ageclass 4
1997,Cod,5,82690000,Cod5_Nums,Ageclass 5
1997,Cod,6,28070000,Cod6_Nums,Ageclass 6
1997,Cod,7,20650000,Cod7_Nums,Ageclass 7
1997,Cod,8,10655000,Cod8_Nums,Ageclass 8
1997,Cod,9,2266000,Cod9_Nums,Ageclass 9
1997,Cod,10,733000,Cod10_Nums,Ageclass 10
1997,Cod,11,138000,Cod11_Nums,Ageclass 11
1997,Cod,12,69000,Cod12_Nums,Ageclass 12
1997,Cod,13,45000,Cod13_Nums,Ageclass 13
1997,Cod,14,14000,Cod14_Nums,Ageclass 14
1998,Cod,1,384734000,Cod1_Nums,Ageclass 1
1998,Cod,2,117600000,Cod2_Nums,Ageclass 2
1998,Cod,3,158668000,Cod3_Nums,Ageclass 3
1998,Cod,4,74289000,Cod4_Nums,Ageclass 4
1998,Cod,5,91033000,Cod5_Nums,Ageclass 5
1998,Cod,6,50622000,Cod6_Nums,Ageclass 6
1998,Cod,7,14867000,Cod7_Nums,Ageclass 7
1998,Cod,8,9647000,Cod8_Nums,Ageclass 8
1998,Cod,9,4602000,Cod9_Nums,Ageclass 9
1998,Cod,10,916000,Cod10_Nums,Ageclass 10
1998,Cod,11,284000,Cod11_Nums,Ageclass 11
1998,Cod,12,53000,Cod12_Nums,Ageclass 12
1998,Cod,13,26000,Cod13_Nums,Ageclass 13
1998,Cod,14,17000,Cod14_Nums,Ageclass 14
1999,Cod,1,356040000,Cod1_Nums,Ageclass 1
1999,Cod,2,250077000,Cod2_Nums,Ageclass 2
1999,Cod,3,76440000,Cod3_Nums,Ageclass 3
1999,Cod,4,124561000,Cod4_Nums,Ageclass 4
1999,Cod,5,51845000,Cod5_Nums,Ageclass 5
1999,Cod,6,52422000,Cod6_Nums,Ageclass 6
1999,Cod,7,24462000,Cod7_Nums,Ageclass 7
1999,Cod,8,6172000,Cod8_Nums,Ageclass 8
1999,Cod,9,3642000,Cod9_Nums,Ageclass 9
1999,Cod,10,1603000,Cod10_Nums,Ageclass 10
1999,Cod,11,303000,Cod11_Nums,Ageclass 11
1999,Cod,12,92000,Cod12_Nums,Ageclass 12
1999,Cod,13,17000,Cod13_Nums,Ageclass 13
1999,Cod,14,8708,Cod14_Nums,Ageclass 14
2000,Cod,1,371218000,Cod1_Nums,Ageclass 1
2000,Cod,2,231426000,Cod2_Nums,Ageclass 2
2000,Cod,3,162550000,Cod3_Nums,Ageclass 3
2000,Cod,4,59570000,Cod4_Nums,Ageclass 4
2000,Cod,5,84539000,Cod5_Nums,Ageclass 5
2000,Cod,6,28076000,Cod6_Nums,Ageclass 6
2000,Cod,7,23104000,Cod7_Nums,Ageclass 7
2000,Cod,8,9020000,Cod8_Nums,Ageclass 8
2000,Cod,9,2035000,Cod9_Nums,Ageclass 9
2000,Cod,10,1093000,Cod10_Nums,Ageclass 10
2000,Cod,11,453000,Cod11_Nums,Ageclass 11
2000,Cod,12,83000,Cod12_Nums,Ageclass 12
2000,Cod,13,26000,Cod13_Nums,Ageclass 13
2000,Cod,14,4847,Cod14_Nums,Ageclass 14
2001,Cod,1,412915000,Cod1_Nums,Ageclass 1
2001,Cod,2,241292000,Cod2_Nums,Ageclass 2
2001,Cod,3,150427000,Cod3_Nums,Ageclass 3
2001,Cod,4,126584000,Cod4_Nums,Ageclass 4
2001,Cod,5,40319000,Cod5_Nums,Ageclass 5
2001,Cod,6,45505000,Cod6_Nums,Ageclass 6
2001,Cod,7,12262000,Cod7_Nums,Ageclass 7
2001,Cod,8,8421000,Cod8_Nums,Ageclass 8
2001,Cod,9,2935000,Cod9_Nums,Ageclass 9
2001,Cod,10,602000,Cod10_Nums,Ageclass 10
2001,Cod,11,304000,Cod11_Nums,Ageclass 11
2001,Cod,12,123000,Cod12_Nums,Ageclass 12
2001,Cod,13,23000,Cod13_Nums,Ageclass 13
2001,Cod,14,7118,Cod14_Nums,Ageclass 14
2002,Cod,1,209231000,Cod1_Nums,Ageclass 1
2002,Cod,2,268395000,Cod2_Nums,Ageclass 2
2002,Cod,3,156840000,Cod3_Nums,Ageclass 3
2002,Cod,4,117600000,Cod4_Nums,Ageclass 4
2002,Cod,5,86952000,Cod5_Nums,Ageclass 5
2002,Cod,6,22421000,Cod6_Nums,Ageclass 6
2002,Cod,7,20869000,Cod7_Nums,Ageclass 7
2002,Cod,8,4759000,Cod8_Nums,Ageclass 8
2002,Cod,9,2944000,Cod9_Nums,Ageclass 9
2002,Cod,10,939000,Cod10_Nums,Ageclass 10
2002,Cod,11,182000,Cod11_Nums,Ageclass 11
2002,Cod,12,90000,Cod12_Nums,Ageclass 12
2002,Cod,13,37000,Cod13_Nums,Ageclass 13
2002,Cod,14,6919,Cod14_Nums,Ageclass 14
2003,Cod,1,354931000,Cod1_Nums,Ageclass 1
2003,Cod,2,1.36E+08,Cod2_Nums,Ageclass 2
2003,Cod,3,174457000,Cod3_Nums,Ageclass 3
2003,Cod,4,123602000,Cod4_Nums,Ageclass 4
2003,Cod,5,83282000,Cod5_Nums,Ageclass 5
2003,Cod,6,51714000,Cod6_Nums,Ageclass 6
2003,Cod,7,11372000,Cod7_Nums,Ageclass 7
2003,Cod,8,9221000,Cod8_Nums,Ageclass 8
2003,Cod,9,1929000,Cod9_Nums,Ageclass 9
2003,Cod,10,1109000,Cod10_Nums,Ageclass 10
2003,Cod,11,338000,Cod11_Nums,Ageclass 11
2003,Cod,12,64000,Cod12_Nums,Ageclass 12
2003,Cod,13,32000,Cod13_Nums,Ageclass 13
2003,Cod,14,13000,Cod14_Nums,Ageclass 14
2004,Cod,1,309766000,Cod1_Nums,Ageclass 1
2004,Cod,2,230705000,Cod2_Nums,Ageclass 2
2004,Cod,3,88400000,Cod3_Nums,Ageclass 3
2004,Cod,4,137599000,Cod4_Nums,Ageclass 4
2004,Cod,5,87810000,Cod5_Nums,Ageclass 5
2004,Cod,6,49878000,Cod6_Nums,Ageclass 6
2004,Cod,7,26504000,Cod7_Nums,Ageclass 7
2004,Cod,8,5092000,Cod8_Nums,Ageclass 8
2004,Cod,9,3795000,Cod9_Nums,Ageclass 9
2004,Cod,10,739000,Cod10_Nums,Ageclass 10
2004,Cod,11,406000,Cod11_Nums,Ageclass 11
2004,Cod,12,121000,Cod12_Nums,Ageclass 12
2004,Cod,13,23000,Cod13_Nums,Ageclass 13
2004,Cod,14,12000,Cod14_Nums,Ageclass 14
2005,Cod,1,231640000,Cod1_Nums,Ageclass 1
2005,Cod,2,201348000,Cod2_Nums,Ageclass 2
2005,Cod,3,149958000,Cod3_Nums,Ageclass 3
2005,Cod,4,69554000,Cod4_Nums,Ageclass 4
2005,Cod,5,96850000,Cod5_Nums,Ageclass 5
2005,Cod,6,51524000,Cod6_Nums,Ageclass 6
2005,Cod,7,24790000,Cod7_Nums,Ageclass 7
2005,Cod,8,11409000,Cod8_Nums,Ageclass 8
2005,Cod,9,2004000,Cod9_Nums,Ageclass 9
2005,Cod,10,1383000,Cod10_Nums,Ageclass 10
2005,Cod,11,257000,Cod11_Nums,Ageclass 11
2005,Cod,12,138000,Cod12_Nums,Ageclass 12
2005,Cod,13,42000,Cod13_Nums,Ageclass 13
2005,Cod,14,8064,Cod14_Nums,Ageclass 14
2006,Cod,1,302048000,Cod1_Nums,Ageclass 1
2006,Cod,2,150566000,Cod2_Nums,Ageclass 2
2006,Cod,3,130876000,Cod3_Nums,Ageclass 3
2006,Cod,4,118192000,Cod4_Nums,Ageclass 4
2006,Cod,5,49278000,Cod5_Nums,Ageclass 5
2006,Cod,6,57656000,Cod6_Nums,Ageclass 6
2006,Cod,7,26170000,Cod7_Nums,Ageclass 7
2006,Cod,8,10974000,Cod8_Nums,Ageclass 8
2006,Cod,9,4634000,Cod9_Nums,Ageclass 9
2006,Cod,10,756000,Cod10_Nums,Ageclass 10
2006,Cod,11,499000,Cod11_Nums,Ageclass 11
2006,Cod,12,91000,Cod12_Nums,Ageclass 12
2006,Cod,13,49000,Cod13_Nums,Ageclass 13
2006,Cod,14,15000,Cod14_Nums,Ageclass 14
2007,Cod,1,272698000,Cod1_Nums,Ageclass 1
2007,Cod,2,196331000,Cod2_Nums,Ageclass 2
2007,Cod,3,97868000,Cod3_Nums,Ageclass 3
2007,Cod,4,103359000,Cod4_Nums,Ageclass 4
2007,Cod,5,84376000,Cod5_Nums,Ageclass 5
2007,Cod,6,29832000,Cod6_Nums,Ageclass 6
2007,Cod,7,30028000,Cod7_Nums,Ageclass 7
2007,Cod,8,11965000,Cod8_Nums,Ageclass 8
2007,Cod,9,4624000,Cod9_Nums,Ageclass 9
2007,Cod,10,1822000,Cod10_Nums,Ageclass 10
2007,Cod,11,285000,Cod11_Nums,Ageclass 11
2007,Cod,12,184000,Cod12_Nums,Ageclass 12
2007,Cod,13,34000,Cod13_Nums,Ageclass 13
2007,Cod,14,19000,Cod14_Nums,Ageclass 14
2008,Cod,1,298054000,Cod1_Nums,Ageclass 1
2008,Cod,2,177254000,Cod2_Nums,Ageclass 2
2008,Cod,3,127615000,Cod3_Nums,Ageclass 3
2008,Cod,4,77513000,Cod4_Nums,Ageclass 4
2008,Cod,5,74600000,Cod5_Nums,Ageclass 5
2008,Cod,6,52327000,Cod6_Nums,Ageclass 6
2008,Cod,7,16109000,Cod7_Nums,Ageclass 7
2008,Cod,8,14384000,Cod8_Nums,Ageclass 8
2008,Cod,9,5317000,Cod9_Nums,Ageclass 9
2008,Cod,10,1928000,Cod10_Nums,Ageclass 10
2008,Cod,11,730000,Cod11_Nums,Ageclass 11
2008,Cod,12,112000,Cod12_Nums,Ageclass 12
2008,Cod,13,73000,Cod13_Nums,Ageclass 13
2008,Cod,14,14000,Cod14_Nums,Ageclass 14
2009,Cod,1,396715000,Cod1_Nums,Ageclass 1
2009,Cod,2,193735000,Cod2_Nums,Ageclass 2
2009,Cod,3,115215000,Cod3_Nums,Ageclass 3
2009,Cod,4,100852000,Cod4_Nums,Ageclass 4
2009,Cod,5,56842000,Cod5_Nums,Ageclass 5
2009,Cod,6,55784000,Cod6_Nums,Ageclass 6
2009,Cod,7,31235000,Cod7_Nums,Ageclass 7
2009,Cod,8,8972000,Cod8_Nums,Ageclass 8
2009,Cod,9,7309000,Cod9_Nums,Ageclass 9
2009,Cod,10,2721000,Cod10_Nums,Ageclass 10
2009,Cod,11,964000,Cod11_Nums,Ageclass 11
2009,Cod,12,366000,Cod12_Nums,Ageclass 12
2009,Cod,13,49000,Cod13_Nums,Ageclass 13
2009,Cod,14,32000,Cod14_Nums,Ageclass 14
2010,Cod,1,424022000,Cod1_Nums,Ageclass 1
2010,Cod,2,257865000,Cod2_Nums,Ageclass 2
2010,Cod,3,125928000,Cod3_Nums,Ageclass 3
2010,Cod,4,90817000,Cod4_Nums,Ageclass 4
2010,Cod,5,73362000,Cod5_Nums,Ageclass 5
2010,Cod,6,37726000,Cod6_Nums,Ageclass 6
2010,Cod,7,32537000,Cod7_Nums,Ageclass 7
2010,Cod,8,16912000,Cod8_Nums,Ageclass 8
2010,Cod,9,4403000,Cod9_Nums,Ageclass 9
2010,Cod,10,3615000,Cod10_Nums,Ageclass 10
2010,Cod,11,1312000,Cod11_Nums,Ageclass 11
2010,Cod,12,466000,Cod12_Nums,Ageclass 12
2010,Cod,13,154000,Cod13_Nums,Ageclass 13
2010,Cod,14,21000,Cod14_Nums,Ageclass 14
2011,Cod,1,306066000,Cod1_Nums,Ageclass 1
2011,Cod,2,275614000,Cod2_Nums,Ageclass 2
2011,Cod,3,167612000,Cod3_Nums,Ageclass 3
2011,Cod,4,99833000,Cod4_Nums,Ageclass 4
2011,Cod,5,67254000,Cod5_Nums,Ageclass 5
2011,Cod,6,50260000,Cod6_Nums,Ageclass 6
2011,Cod,7,23161000,Cod7_Nums,Ageclass 7
2011,Cod,8,18753000,Cod8_Nums,Ageclass 8
2011,Cod,9,8967000,Cod9_Nums,Ageclass 9
2011,Cod,10,2350000,Cod10_Nums,Ageclass 10
2011,Cod,11,1888000,Cod11_Nums,Ageclass 11
2011,Cod,12,687000,Cod12_Nums,Ageclass 12
2011,Cod,13,217000,Cod13_Nums,Ageclass 13
2011,Cod,14,72000,Cod14_Nums,Ageclass 14
2012,Cod,1,400405000,Cod1_Nums,Ageclass 1
2012,Cod,2,198943000,Cod2_Nums,Ageclass 2
2012,Cod,3,179149000,Cod3_Nums,Ageclass 3
2012,Cod,4,133168000,Cod4_Nums,Ageclass 4
2012,Cod,5,74433000,Cod5_Nums,Ageclass 5
2012,Cod,6,46633000,Cod6_Nums,Ageclass 6
2012,Cod,7,31462000,Cod7_Nums,Ageclass 7
2012,Cod,8,13670000,Cod8_Nums,Ageclass 8
2012,Cod,9,10239000,Cod9_Nums,Ageclass 9
2012,Cod,10,4926000,Cod10_Nums,Ageclass 10
2012,Cod,11,1265000,Cod11_Nums,Ageclass 11
2012,Cod,12,1019000,Cod12_Nums,Ageclass 12
2012,Cod,13,332000,Cod13_Nums,Ageclass 13
2012,Cod,14,105000,Cod14_Nums,Ageclass 14
2013,Cod,1,339451000,Cod1_Nums,Ageclass 1
2013,Cod,2,260263000,Cod2_Nums,Ageclass 2
2013,Cod,3,129313000,Cod3_Nums,Ageclass 3
2013,Cod,4,142260000,Cod4_Nums,Ageclass 4
2013,Cod,5,99126000,Cod5_Nums,Ageclass 5
2013,Cod,6,51463000,Cod6_Nums,Ageclass 6
2013,Cod,7,29056000,Cod7_Nums,Ageclass 7
2013,Cod,8,18464000,Cod8_Nums,Ageclass 8
2013,Cod,9,7411000,Cod9_Nums,Ageclass 9
2013,Cod,10,5586000,Cod10_Nums,Ageclass 10
2013,Cod,11,2632000,Cod11_Nums,Ageclass 11
2013,Cod,12,678000,Cod12_Nums,Ageclass 12
2013,Cod,13,488000,Cod13_Nums,Ageclass 13
2013,Cod,14,159000,Cod14_Nums,Ageclass 14
2014,Cod,1,224808000,Cod1_Nums,Ageclass 1
2014,Cod,2,220643000,Cod2_Nums,Ageclass 2
2014,Cod,3,169171000,Cod3_Nums,Ageclass 3
2014,Cod,4,102438000,Cod4_Nums,Ageclass 4
2014,Cod,5,105099000,Cod5_Nums,Ageclass 5
2014,Cod,6,67625000,Cod6_Nums,Ageclass 6
2014,Cod,7,31380000,Cod7_Nums,Ageclass 7
2014,Cod,8,16608000,Cod8_Nums,Ageclass 8
2014,Cod,9,9689000,Cod9_Nums,Ageclass 9
2014,Cod,10,3915000,Cod10_Nums,Ageclass 10
2014,Cod,11,2886000,Cod11_Nums,Ageclass 11
2014,Cod,12,1364000,Cod12_Nums,Ageclass 12
2014,Cod,13,311000,Cod13_Nums,Ageclass 13
2014,Cod,14,224000,Cod14_Nums,Ageclass 14
2015,Cod,1,353029000,Cod1_Nums,Ageclass 1
2015,Cod,2,146125000,Cod2_Nums,Ageclass 2
2015,Cod,3,143418000,Cod3_Nums,Ageclass 3
2015,Cod,4,134467000,Cod4_Nums,Ageclass 4
2015,Cod,5,76483000,Cod5_Nums,Ageclass 5
2015,Cod,6,73057000,Cod6_Nums,Ageclass 6
2015,Cod,7,42503000,Cod7_Nums,Ageclass 7
2015,Cod,8,18612000,Cod8_Nums,Ageclass 8
2015,Cod,9,9123000,Cod9_Nums,Ageclass 9
2015,Cod,10,5354000,Cod10_Nums,Ageclass 10
2015,Cod,11,2121000,Cod11_Nums,Ageclass 11
2015,Cod,12,1567000,Cod12_Nums,Ageclass 12
2015,Cod,13,664000,Cod13_Nums,Ageclass 13
2015,Cod,14,152000,Cod14_Nums,Ageclass 14
2016,Cod,1,368562000,Cod1_Nums,Ageclass 1
2016,Cod,2,229469000,Cod2_Nums,Ageclass 2
2016,Cod,3,94981000,Cod3_Nums,Ageclass 3
2016,Cod,4,114138000,Cod4_Nums,Ageclass 4
2016,Cod,5,100783000,Cod5_Nums,Ageclass 5
2016,Cod,6,53529000,Cod6_Nums,Ageclass 6
2016,Cod,7,46426000,Cod7_Nums,Ageclass 7
2016,Cod,8,25550000,Cod8_Nums,Ageclass 8
2016,Cod,9,10395000,Cod9_Nums,Ageclass 9
2016,Cod,10,5125000,Cod10_Nums,Ageclass 10
2016,Cod,11,2951000,Cod11_Nums,Ageclass 11
2016,Cod,12,1172000,Cod12_Nums,Ageclass 12
2016,Cod,13,780000,Cod13_Nums,Ageclass 13
2016,Cod,14,331000,Cod14_Nums,Ageclass 14
2017,Cod,1,257623000,Cod1_Nums,Ageclass 1
2017,Cod,2,239565000,Cod2_Nums,Ageclass 2
2017,Cod,3,149155000,Cod3_Nums,Ageclass 3
2017,Cod,4,75539000,Cod4_Nums,Ageclass 4
2017,Cod,5,85367000,Cod5_Nums,Ageclass 5
2017,Cod,6,70275000,Cod6_Nums,Ageclass 6
2017,Cod,7,33813000,Cod7_Nums,Ageclass 7
2017,Cod,8,27704000,Cod8_Nums,Ageclass 8
2017,Cod,9,14141000,Cod9_Nums,Ageclass 9
2017,Cod,10,5788000,Cod10_Nums,Ageclass 10
2017,Cod,11,2798000,Cod11_Nums,Ageclass 11
2017,Cod,12,1615000,Cod12_Nums,Ageclass 12
2017,Cod,13,576000,Cod13_Nums,Ageclass 13
2017,Cod,14,384000,Cod14_Nums,Ageclass 14
2018,Cod,1,335689000,Cod1_Nums,Ageclass 1
2018,Cod,2,167455000,Cod2_Nums,Ageclass 2
2018,Cod,3,155717000,Cod3_Nums,Ageclass 3
2018,Cod,4,118610000,Cod4_Nums,Ageclass 4
2018,Cod,5,56477000,Cod5_Nums,Ageclass 5
2018,Cod,6,59487000,Cod6_Nums,Ageclass 6
2018,Cod,7,44344000,Cod7_Nums,Ageclass 7
2018,Cod,8,20152000,Cod8_Nums,Ageclass 8
2018,Cod,9,15309000,Cod9_Nums,Ageclass 9
2018,Cod,10,7861000,Cod10_Nums,Ageclass 10
2018,Cod,11,3155000,Cod11_Nums,Ageclass 11
2018,Cod,12,1529000,Cod12_Nums,Ageclass 12
2018,Cod,13,793000,Cod13_Nums,Ageclass 13
2018,Cod,14,283000,Cod14_Nums,Ageclass 14
2019,Cod,1,305468000,Cod1_Nums,Ageclass 1
2019,Cod,2,218198000,Cod2_Nums,Ageclass 2
2019,Cod,3,108846000,Cod3_Nums,Ageclass 3
2019,Cod,4,123527000,Cod4_Nums,Ageclass 4
2019,Cod,5,88009000,Cod5_Nums,Ageclass 5
2019,Cod,6,38828000,Cod6_Nums,Ageclass 6
2019,Cod,7,36728000,Cod7_Nums,Ageclass 7
2019,Cod,8,25736000,Cod8_Nums,Ageclass 8
2019,Cod,9,10776000,Cod9_Nums,Ageclass 9
2019,Cod,10,8239000,Cod10_Nums,Ageclass 10
2019,Cod,11,4142000,Cod11_Nums,Ageclass 11
2019,Cod,12,1666000,Cod12_Nums,Ageclass 12
2019,Cod,13,719000,Cod13_Nums,Ageclass 13
2019,Cod,14,373000,Cod14_Nums,Ageclass 14
2020,Cod,1,424680000,Cod1_Nums,Ageclass 1
2020,Cod,2,198554000,Cod2_Nums,Ageclass 2
2020,Cod,3,141829000,Cod3_Nums,Ageclass 3
2020,Cod,4,86074000,Cod4_Nums,Ageclass 4
2020,Cod,5,90763000,Cod5_Nums,Ageclass 5
2020,Cod,6,59463000,Cod6_Nums,Ageclass 6
2020,Cod,7,23309000,Cod7_Nums,Ageclass 7
2020,Cod,8,20597000,Cod8_Nums,Ageclass 8
2020,Cod,9,13190000,Cod9_Nums,Ageclass 9
2020,Cod,10,5562000,Cod10_Nums,Ageclass 10
2020,Cod,11,4154000,Cod11_Nums,Ageclass 11
2020,Cod,12,2094000,Cod12_Nums,Ageclass 12
2020,Cod,13,742000,Cod13_Nums,Ageclass 13
2020,Cod,14,320000,Cod14_Nums,Ageclass 14
1980,Saithe,1,2.20E+07,Saithe1_Nums,Ageclass 1
1980,Saithe,2,2.00E+07,Saithe2_Nums,Ageclass 2
1980,Saithe,3,2.80E+07,Saithe3_Nums,Ageclass 3
1980,Saithe,4,4.70E+07,Saithe4_Nums,Ageclass 4
1980,Saithe,5,3.10E+07,Saithe5_Nums,Ageclass 5
1980,Saithe,6,1.00E+07,Saithe6_Nums,Ageclass 6
1980,Saithe,7,8174000,Saithe7_Nums,Ageclass 7
1980,Saithe,8,3727000,Saithe8_Nums,Ageclass 8
1980,Saithe,9,1312000,Saithe9_Nums,Ageclass 9
1980,Saithe,10,731000,Saithe10_Nums,Ageclass 10
1980,Saithe,11,685000,Saithe11_Nums,Ageclass 11
1980,Saithe,12,509000,Saithe12_Nums,Ageclass 12
1980,Saithe,13,338000,Saithe13_Nums,Ageclass 13
1980,Saithe,14,124000,Saithe14_Nums,Ageclass 14
1981,Saithe,1,3.20E+07,Saithe1_Nums,Ageclass 1
1981,Saithe,2,2.20E+07,Saithe2_Nums,Ageclass 2
1981,Saithe,3,2.00E+07,Saithe3_Nums,Ageclass 3
1981,Saithe,4,2.30E+07,Saithe4_Nums,Ageclass 4
1981,Saithe,5,3.50E+07,Saithe5_Nums,Ageclass 5
1981,Saithe,6,2.10E+07,Saithe6_Nums,Ageclass 6
1981,Saithe,7,6300000,Saithe7_Nums,Ageclass 7
1981,Saithe,8,4661000,Saithe8_Nums,Ageclass 8
1981,Saithe,9,1977000,Saithe9_Nums,Ageclass 9
1981,Saithe,10,718000,Saithe10_Nums,Ageclass 10
1981,Saithe,11,388000,Saithe11_Nums,Ageclass 11
1981,Saithe,12,401000,Saithe12_Nums,Ageclass 12
1981,Saithe,13,292000,Saithe13_Nums,Ageclass 13
1981,Saithe,14,194000,Saithe14_Nums,Ageclass 14
1982,Saithe,1,4.20E+07,Saithe1_Nums,Ageclass 1
1982,Saithe,2,3.20E+07,Saithe2_Nums,Ageclass 2
1982,Saithe,3,2.20E+07,Saithe3_Nums,Ageclass 3
1982,Saithe,4,1.60E+07,Saithe4_Nums,Ageclass 4
1982,Saithe,5,1.70E+07,Saithe5_Nums,Ageclass 5
1982,Saithe,6,2.50E+07,Saithe6_Nums,Ageclass 6
1982,Saithe,7,1.30E+07,Saithe7_Nums,Ageclass 7
1982,Saithe,8,3733000,Saithe8_Nums,Ageclass 8
1982,Saithe,9,2588000,Saithe9_Nums,Ageclass 9
1982,Saithe,10,1129000,Saithe10_Nums,Ageclass 10
1982,Saithe,11,399000,Saithe11_Nums,Ageclass 11
1982,Saithe,12,235000,Saithe12_Nums,Ageclass 12
1982,Saithe,13,239000,Saithe13_Nums,Ageclass 13
1982,Saithe,14,174000,Saithe14_Nums,Ageclass 14
1983,Saithe,1,3.50E+07,Saithe1_Nums,Ageclass 1
1983,Saithe,2,4.20E+07,Saithe2_Nums,Ageclass 2
1983,Saithe,3,3.20E+07,Saithe3_Nums,Ageclass 3
1983,Saithe,4,1.70E+07,Saithe4_Nums,Ageclass 4
1983,Saithe,5,1.20E+07,Saithe5_Nums,Ageclass 5
1983,Saithe,6,1.20E+07,Saithe6_Nums,Ageclass 6
1983,Saithe,7,1.50E+07,Saithe7_Nums,Ageclass 7
1983,Saithe,8,7545000,Saithe8_Nums,Ageclass 8
1983,Saithe,9,1953000,Saithe9_Nums,Ageclass 9
1983,Saithe,10,1399000,Saithe10_Nums,Ageclass 10
1983,Saithe,11,591000,Saithe11_Nums,Ageclass 11
1983,Saithe,12,231000,Saithe12_Nums,Ageclass 12
1983,Saithe,13,133000,Saithe13_Nums,Ageclass 13
1983,Saithe,14,135000,Saithe14_Nums,Ageclass 14
1984,Saithe,1,6.70E+07,Saithe1_Nums,Ageclass 1
1984,Saithe,2,3.50E+07,Saithe2_Nums,Ageclass 2
1984,Saithe,3,4.20E+07,Saithe3_Nums,Ageclass 3
1984,Saithe,4,2.60E+07,Saithe4_Nums,Ageclass 4
1984,Saithe,5,1.30E+07,Saithe5_Nums,Ageclass 5
1984,Saithe,6,8644000,Saithe6_Nums,Ageclass 6
1984,Saithe,7,7546000,Saithe7_Nums,Ageclass 7
1984,Saithe,8,9053000,Saithe8_Nums,Ageclass 8
1984,Saithe,9,4313000,Saithe9_Nums,Ageclass 9
1984,Saithe,10,1146000,Saithe10_Nums,Ageclass 10
1984,Saithe,11,8.00E+05,Saithe11_Nums,Ageclass 11
1984,Saithe,12,366000,Saithe12_Nums,Ageclass 12
1984,Saithe,13,141000,Saithe13_Nums,Ageclass 13
1984,Saithe,14,81000,Saithe14_Nums,Ageclass 14
1985,Saithe,1,9.10E+07,Saithe1_Nums,Ageclass 1
1985,Saithe,2,6.70E+07,Saithe2_Nums,Ageclass 2
1985,Saithe,3,3.50E+07,Saithe3_Nums,Ageclass 3
1985,Saithe,4,3.40E+07,Saithe4_Nums,Ageclass 4
1985,Saithe,5,2.00E+07,Saithe5_Nums,Ageclass 5
1985,Saithe,6,9441000,Saithe6_Nums,Ageclass 6
1985,Saithe,7,5615000,Saithe7_Nums,Ageclass 7
1985,Saithe,8,4646000,Saithe8_Nums,Ageclass 8
1985,Saithe,9,5264000,Saithe9_Nums,Ageclass 9
1985,Saithe,10,2571000,Saithe10_Nums,Ageclass 10
1985,Saithe,11,666000,Saithe11_Nums,Ageclass 11
1985,Saithe,12,502000,Saithe12_Nums,Ageclass 12
1985,Saithe,13,226000,Saithe13_Nums,Ageclass 13
1985,Saithe,14,87000,Saithe14_Nums,Ageclass 14
1986,Saithe,1,5.10E+07,Saithe1_Nums,Ageclass 1
1986,Saithe,2,9.10E+07,Saithe2_Nums,Ageclass 2
1986,Saithe,3,6.70E+07,Saithe3_Nums,Ageclass 3
1986,Saithe,4,2.90E+07,Saithe4_Nums,Ageclass 4
1986,Saithe,5,2.60E+07,Saithe5_Nums,Ageclass 5
1986,Saithe,6,1.40E+07,Saithe6_Nums,Ageclass 6
1986,Saithe,7,6047000,Saithe7_Nums,Ageclass 7
1986,Saithe,8,3397000,Saithe8_Nums,Ageclass 8
1986,Saithe,9,2645000,Saithe9_Nums,Ageclass 9
1986,Saithe,10,3077000,Saithe10_Nums,Ageclass 10
1986,Saithe,11,1464000,Saithe11_Nums,Ageclass 11
1986,Saithe,12,412000,Saithe12_Nums,Ageclass 12
1986,Saithe,13,305000,Saithe13_Nums,Ageclass 13
1986,Saithe,14,138000,Saithe14_Nums,Ageclass 14
1987,Saithe,1,3.20E+07,Saithe1_Nums,Ageclass 1
1987,Saithe,2,5.10E+07,Saithe2_Nums,Ageclass 2
1987,Saithe,3,9.10E+07,Saithe3_Nums,Ageclass 3
1987,Saithe,4,5.40E+07,Saithe4_Nums,Ageclass 4
1987,Saithe,5,2.20E+07,Saithe5_Nums,Ageclass 5
1987,Saithe,6,1.80E+07,Saithe6_Nums,Ageclass 6
1987,Saithe,7,8667000,Saithe7_Nums,Ageclass 7
1987,Saithe,8,3494000,Saithe8_Nums,Ageclass 8
1987,Saithe,9,1830000,Saithe9_Nums,Ageclass 9
1987,Saithe,10,1469000,Saithe10_Nums,Ageclass 10
1987,Saithe,11,1658000,Saithe11_Nums,Ageclass 11
1987,Saithe,12,866000,Saithe12_Nums,Ageclass 12
1987,Saithe,13,239000,Saithe13_Nums,Ageclass 13
1987,Saithe,14,178000,Saithe14_Nums,Ageclass 14
1988,Saithe,1,2.10E+07,Saithe1_Nums,Ageclass 1
1988,Saithe,2,3.20E+07,Saithe2_Nums,Ageclass 2
1988,Saithe,3,5.10E+07,Saithe3_Nums,Ageclass 3
1988,Saithe,4,7.30E+07,Saithe4_Nums,Ageclass 4
1988,Saithe,5,4.00E+07,Saithe5_Nums,Ageclass 5
1988,Saithe,6,1.40E+07,Saithe6_Nums,Ageclass 6
1988,Saithe,7,1.00E+07,Saithe7_Nums,Ageclass 7
1988,Saithe,8,4599000,Saithe8_Nums,Ageclass 8
1988,Saithe,9,1699000,Saithe9_Nums,Ageclass 9
1988,Saithe,10,925000,Saithe10_Nums,Ageclass 10
1988,Saithe,11,715000,Saithe11_Nums,Ageclass 11
1988,Saithe,12,906000,Saithe12_Nums,Ageclass 12
1988,Saithe,13,463000,Saithe13_Nums,Ageclass 13
1988,Saithe,14,128000,Saithe14_Nums,Ageclass 14
1989,Saithe,1,2.90E+07,Saithe1_Nums,Ageclass 1
1989,Saithe,2,2.10E+07,Saithe2_Nums,Ageclass 2
1989,Saithe,3,3.20E+07,Saithe3_Nums,Ageclass 3
1989,Saithe,4,4.10E+07,Saithe4_Nums,Ageclass 4
1989,Saithe,5,5.40E+07,Saithe5_Nums,Ageclass 5
1989,Saithe,6,2.70E+07,Saithe6_Nums,Ageclass 6
1989,Saithe,7,8440000,Saithe7_Nums,Ageclass 7
1989,Saithe,8,5628000,Saithe8_Nums,Ageclass 8
1989,Saithe,9,2334000,Saithe9_Nums,Ageclass 9
1989,Saithe,10,893000,Saithe10_Nums,Ageclass 10
1989,Saithe,11,469000,Saithe11_Nums,Ageclass 11
1989,Saithe,12,404000,Saithe12_Nums,Ageclass 12
1989,Saithe,13,502000,Saithe13_Nums,Ageclass 13
1989,Saithe,14,256000,Saithe14_Nums,Ageclass 14
1990,Saithe,1,1.50E+07,Saithe1_Nums,Ageclass 1
1990,Saithe,2,2.90E+07,Saithe2_Nums,Ageclass 2
1990,Saithe,3,2.10E+07,Saithe3_Nums,Ageclass 3
1990,Saithe,4,2.60E+07,Saithe4_Nums,Ageclass 4
1990,Saithe,5,3.00E+07,Saithe5_Nums,Ageclass 5
1990,Saithe,6,3.70E+07,Saithe6_Nums,Ageclass 6
1990,Saithe,7,1.60E+07,Saithe7_Nums,Ageclass 7
1990,Saithe,8,4732000,Saithe8_Nums,Ageclass 8
1990,Saithe,9,2924000,Saithe9_Nums,Ageclass 9
1990,Saithe,10,1253000,Saithe10_Nums,Ageclass 10
1990,Saithe,11,464000,Saithe11_Nums,Ageclass 11
1990,Saithe,12,270000,Saithe12_Nums,Ageclass 12
1990,Saithe,13,228000,Saithe13_Nums,Ageclass 13
1990,Saithe,14,283000,Saithe14_Nums,Ageclass 14
1991,Saithe,1,2.00E+07,Saithe1_Nums,Ageclass 1
1991,Saithe,2,1.50E+07,Saithe2_Nums,Ageclass 2
1991,Saithe,3,2.90E+07,Saithe3_Nums,Ageclass 3
1991,Saithe,4,1.70E+07,Saithe4_Nums,Ageclass 4
1991,Saithe,5,1.90E+07,Saithe5_Nums,Ageclass 5
1991,Saithe,6,2.00E+07,Saithe6_Nums,Ageclass 6
1991,Saithe,7,3.10E+07,Saithe7_Nums,Ageclass 7
1991,Saithe,8,8609000,Saithe8_Nums,Ageclass 8
1991,Saithe,9,2306000,Saithe9_Nums,Ageclass 9
1991,Saithe,10,1480000,Saithe10_Nums,Ageclass 10
1991,Saithe,11,611000,Saithe11_Nums,Ageclass 11
1991,Saithe,12,254000,Saithe12_Nums,Ageclass 12
1991,Saithe,13,145000,Saithe13_Nums,Ageclass 13
1991,Saithe,14,122000,Saithe14_Nums,Ageclass 14
1992,Saithe,1,1.80E+07,Saithe1_Nums,Ageclass 1
1992,Saithe,2,2.00E+07,Saithe2_Nums,Ageclass 2
1992,Saithe,3,1.50E+07,Saithe3_Nums,Ageclass 3
1992,Saithe,4,2.40E+07,Saithe4_Nums,Ageclass 4
1992,Saithe,5,1.20E+07,Saithe5_Nums,Ageclass 5
1992,Saithe,6,1.20E+07,Saithe6_Nums,Ageclass 6
1992,Saithe,7,1.10E+07,Saithe7_Nums,Ageclass 7
1992,Saithe,8,1.60E+07,Saithe8_Nums,Ageclass 8
1992,Saithe,9,4052000,Saithe9_Nums,Ageclass 9
1992,Saithe,10,1130000,Saithe10_Nums,Ageclass 10
1992,Saithe,11,697000,Saithe11_Nums,Ageclass 11
1992,Saithe,12,326000,Saithe12_Nums,Ageclass 12
1992,Saithe,13,132000,Saithe13_Nums,Ageclass 13
1992,Saithe,14,75000,Saithe14_Nums,Ageclass 14
1993,Saithe,1,3.00E+07,Saithe1_Nums,Ageclass 1
1993,Saithe,2,1.80E+07,Saithe2_Nums,Ageclass 2
1993,Saithe,3,2.00E+07,Saithe3_Nums,Ageclass 3
1993,Saithe,4,1.20E+07,Saithe4_Nums,Ageclass 4
1993,Saithe,5,1.70E+07,Saithe5_Nums,Ageclass 5
1993,Saithe,6,8076000,Saithe6_Nums,Ageclass 6
1993,Saithe,7,7081000,Saithe7_Nums,Ageclass 7
1993,Saithe,8,5921000,Saithe8_Nums,Ageclass 8
1993,Saithe,9,7715000,Saithe9_Nums,Ageclass 9
1993,Saithe,10,2007000,Saithe10_Nums,Ageclass 10
1993,Saithe,11,538000,Saithe11_Nums,Ageclass 11
1993,Saithe,12,375000,Saithe12_Nums,Ageclass 12
1993,Saithe,13,171000,Saithe13_Nums,Ageclass 13
1993,Saithe,14,69000,Saithe14_Nums,Ageclass 14
1994,Saithe,1,2.60E+07,Saithe1_Nums,Ageclass 1
1994,Saithe,2,3.00E+07,Saithe2_Nums,Ageclass 2
1994,Saithe,3,1.80E+07,Saithe3_Nums,Ageclass 3
1994,Saithe,4,1.60E+07,Saithe4_Nums,Ageclass 4
1994,Saithe,5,8738000,Saithe5_Nums,Ageclass 5
1994,Saithe,6,1.10E+07,Saithe6_Nums,Ageclass 6
1994,Saithe,7,4449000,Saithe7_Nums,Ageclass 7
1994,Saithe,8,3558000,Saithe8_Nums,Ageclass 8
1994,Saithe,9,2698000,Saithe9_Nums,Ageclass 9
1994,Saithe,10,3669000,Saithe10_Nums,Ageclass 10
1994,Saithe,11,915000,Saithe11_Nums,Ageclass 11
1994,Saithe,12,280000,Saithe12_Nums,Ageclass 12
1994,Saithe,13,190000,Saithe13_Nums,Ageclass 13
1994,Saithe,14,87000,Saithe14_Nums,Ageclass 14
1995,Saithe,1,1.70E+07,Saithe1_Nums,Ageclass 1
1995,Saithe,2,2.60E+07,Saithe2_Nums,Ageclass 2
1995,Saithe,3,3.00E+07,Saithe3_Nums,Ageclass 3
1995,Saithe,4,1.40E+07,Saithe4_Nums,Ageclass 4
1995,Saithe,5,1.20E+07,Saithe5_Nums,Ageclass 5
1995,Saithe,6,5458000,Saithe6_Nums,Ageclass 6
1995,Saithe,7,5869000,Saithe7_Nums,Ageclass 7
1995,Saithe,8,2097000,Saithe8_Nums,Ageclass 8
1995,Saithe,9,1501000,Saithe9_Nums,Ageclass 9
1995,Saithe,10,1195000,Saithe10_Nums,Ageclass 10
1995,Saithe,11,1548000,Saithe11_Nums,Ageclass 11
1995,Saithe,12,448000,Saithe12_Nums,Ageclass 12
1995,Saithe,13,133000,Saithe13_Nums,Ageclass 13
1995,Saithe,14,90000,Saithe14_Nums,Ageclass 14
1996,Saithe,1,8976000,Saithe1_Nums,Ageclass 1
1996,Saithe,2,1.70E+07,Saithe2_Nums,Ageclass 2
1996,Saithe,3,2.60E+07,Saithe3_Nums,Ageclass 3
1996,Saithe,4,2.40E+07,Saithe4_Nums,Ageclass 4
1996,Saithe,5,1.00E+07,Saithe5_Nums,Ageclass 5
1996,Saithe,6,7150000,Saithe6_Nums,Ageclass 6
1996,Saithe,7,2832000,Saithe7_Nums,Ageclass 7
1996,Saithe,8,2740000,Saithe8_Nums,Ageclass 8
1996,Saithe,9,875000,Saithe9_Nums,Ageclass 9
1996,Saithe,10,658000,Saithe10_Nums,Ageclass 10
1996,Saithe,11,498000,Saithe11_Nums,Ageclass 11
1996,Saithe,12,751000,Saithe12_Nums,Ageclass 12
1996,Saithe,13,211000,Saithe13_Nums,Ageclass 13
1996,Saithe,14,63000,Saithe14_Nums,Ageclass 14
1997,Saithe,1,3.10E+07,Saithe1_Nums,Ageclass 1
1997,Saithe,2,8975000,Saithe2_Nums,Ageclass 2
1997,Saithe,3,1.70E+07,Saithe3_Nums,Ageclass 3
1997,Saithe,4,2.10E+07,Saithe4_Nums,Ageclass 4
1997,Saithe,5,1.80E+07,Saithe5_Nums,Ageclass 5
1997,Saithe,6,6597000,Saithe6_Nums,Ageclass 6
1997,Saithe,7,3938000,Saithe7_Nums,Ageclass 7
1997,Saithe,8,1423000,Saithe8_Nums,Ageclass 8
1997,Saithe,9,1248000,Saithe9_Nums,Ageclass 9
1997,Saithe,10,416000,Saithe10_Nums,Ageclass 10
1997,Saithe,11,3.00E+05,Saithe11_Nums,Ageclass 11
1997,Saithe,12,259000,Saithe12_Nums,Ageclass 12
1997,Saithe,13,380000,Saithe13_Nums,Ageclass 13
1997,Saithe,14,107000,Saithe14_Nums,Ageclass 14
1998,Saithe,1,3.20E+07,Saithe1_Nums,Ageclass 1
1998,Saithe,2,3.10E+07,Saithe2_Nums,Ageclass 2
1998,Saithe,3,8975000,Saithe3_Nums,Ageclass 3
1998,Saithe,4,1.40E+07,Saithe4_Nums,Ageclass 4
1998,Saithe,5,1.50E+07,Saithe5_Nums,Ageclass 5
1998,Saithe,6,1.10E+07,Saithe6_Nums,Ageclass 6
1998,Saithe,7,3974000,Saithe7_Nums,Ageclass 7
1998,Saithe,8,2148000,Saithe8_Nums,Ageclass 8
1998,Saithe,9,703000,Saithe9_Nums,Ageclass 9
1998,Saithe,10,598000,Saithe10_Nums,Ageclass 10
1998,Saithe,11,206000,Saithe11_Nums,Ageclass 11
1998,Saithe,12,148000,Saithe12_Nums,Ageclass 12
1998,Saithe,13,134000,Saithe13_Nums,Ageclass 13
1998,Saithe,14,197000,Saithe14_Nums,Ageclass 14
1999,Saithe,1,5.60E+07,Saithe1_Nums,Ageclass 1
1999,Saithe,2,3.20E+07,Saithe2_Nums,Ageclass 2
1999,Saithe,3,3.10E+07,Saithe3_Nums,Ageclass 3
1999,Saithe,4,7143000,Saithe4_Nums,Ageclass 4
1999,Saithe,5,9945000,Saithe5_Nums,Ageclass 5
1999,Saithe,6,1.00E+07,Saithe6_Nums,Ageclass 6
1999,Saithe,7,7329000,Saithe7_Nums,Ageclass 7
1999,Saithe,8,2345000,Saithe8_Nums,Ageclass 8
1999,Saithe,9,1170000,Saithe9_Nums,Ageclass 9
1999,Saithe,10,373000,Saithe10_Nums,Ageclass 10
1999,Saithe,11,326000,Saithe11_Nums,Ageclass 11
1999,Saithe,12,112000,Saithe12_Nums,Ageclass 12
1999,Saithe,13,84000,Saithe13_Nums,Ageclass 13
1999,Saithe,14,76000,Saithe14_Nums,Ageclass 14
2000,Saithe,1,6.50E+07,Saithe1_Nums,Ageclass 1
2000,Saithe,2,5.60E+07,Saithe2_Nums,Ageclass 2
2000,Saithe,3,3.20E+07,Saithe3_Nums,Ageclass 3
2000,Saithe,4,2.50E+07,Saithe4_Nums,Ageclass 4
2000,Saithe,5,5188000,Saithe5_Nums,Ageclass 5
2000,Saithe,6,6729000,Saithe6_Nums,Ageclass 6
2000,Saithe,7,6395000,Saithe7_Nums,Ageclass 7
2000,Saithe,8,4273000,Saithe8_Nums,Ageclass 8
2000,Saithe,9,1259000,Saithe9_Nums,Ageclass 9
2000,Saithe,10,612000,Saithe10_Nums,Ageclass 10
2000,Saithe,11,201000,Saithe11_Nums,Ageclass 11
2000,Saithe,12,175000,Saithe12_Nums,Ageclass 12
2000,Saithe,13,63000,Saithe13_Nums,Ageclass 13
2000,Saithe,14,47000,Saithe14_Nums,Ageclass 14
2001,Saithe,1,7.30E+07,Saithe1_Nums,Ageclass 1
2001,Saithe,2,6.50E+07,Saithe2_Nums,Ageclass 2
2001,Saithe,3,5.60E+07,Saithe3_Nums,Ageclass 3
2001,Saithe,4,2.60E+07,Saithe4_Nums,Ageclass 4
2001,Saithe,5,1.80E+07,Saithe5_Nums,Ageclass 5
2001,Saithe,6,3479000,Saithe6_Nums,Ageclass 6
2001,Saithe,7,4212000,Saithe7_Nums,Ageclass 7
2001,Saithe,8,3669000,Saithe8_Nums,Ageclass 8
2001,Saithe,9,2248000,Saithe9_Nums,Ageclass 9
2001,Saithe,10,645000,Saithe10_Nums,Ageclass 10
2001,Saithe,11,323000,Saithe11_Nums,Ageclass 11
2001,Saithe,12,106000,Saithe12_Nums,Ageclass 12
2001,Saithe,13,96000,Saithe13_Nums,Ageclass 13
2001,Saithe,14,34000,Saithe14_Nums,Ageclass 14
2002,Saithe,1,2.60E+07,Saithe1_Nums,Ageclass 1
2002,Saithe,2,7.30E+07,Saithe2_Nums,Ageclass 2
2002,Saithe,3,6.50E+07,Saithe3_Nums,Ageclass 3
2002,Saithe,4,4.40E+07,Saithe4_Nums,Ageclass 4
2002,Saithe,5,1.90E+07,Saithe5_Nums,Ageclass 5
2002,Saithe,6,1.20E+07,Saithe6_Nums,Ageclass 6
2002,Saithe,7,2277000,Saithe7_Nums,Ageclass 7
2002,Saithe,8,2564000,Saithe8_Nums,Ageclass 8
2002,Saithe,9,2077000,Saithe9_Nums,Ageclass 9
2002,Saithe,10,1245000,Saithe10_Nums,Ageclass 10
2002,Saithe,11,365000,Saithe11_Nums,Ageclass 11
2002,Saithe,12,183000,Saithe12_Nums,Ageclass 12
2002,Saithe,13,62000,Saithe13_Nums,Ageclass 13
2002,Saithe,14,56000,Saithe14_Nums,Ageclass 14
2003,Saithe,1,7.30E+07,Saithe1_Nums,Ageclass 1
2003,Saithe,2,2.60E+07,Saithe2_Nums,Ageclass 2
2003,Saithe,3,7.30E+07,Saithe3_Nums,Ageclass 3
2003,Saithe,4,5.20E+07,Saithe4_Nums,Ageclass 4
2003,Saithe,5,3.20E+07,Saithe5_Nums,Ageclass 5
2003,Saithe,6,1.30E+07,Saithe6_Nums,Ageclass 6
2003,Saithe,7,8021000,Saithe7_Nums,Ageclass 7
2003,Saithe,8,1352000,Saithe8_Nums,Ageclass 8
2003,Saithe,9,1407000,Saithe9_Nums,Ageclass 9
2003,Saithe,10,1113000,Saithe10_Nums,Ageclass 10
2003,Saithe,11,684000,Saithe11_Nums,Ageclass 11
2003,Saithe,12,201000,Saithe12_Nums,Ageclass 12
2003,Saithe,13,104000,Saithe13_Nums,Ageclass 13
2003,Saithe,14,35000,Saithe14_Nums,Ageclass 14
2004,Saithe,1,4.20E+07,Saithe1_Nums,Ageclass 1
2004,Saithe,2,7.30E+07,Saithe2_Nums,Ageclass 2
2004,Saithe,3,2.60E+07,Saithe3_Nums,Ageclass 3
2004,Saithe,4,5.80E+07,Saithe4_Nums,Ageclass 4
2004,Saithe,5,3.80E+07,Saithe5_Nums,Ageclass 5
2004,Saithe,6,2.20E+07,Saithe6_Nums,Ageclass 6
2004,Saithe,7,8362000,Saithe7_Nums,Ageclass 7
2004,Saithe,8,4799000,Saithe8_Nums,Ageclass 8
2004,Saithe,9,749000,Saithe9_Nums,Ageclass 9
2004,Saithe,10,761000,Saithe10_Nums,Ageclass 10
2004,Saithe,11,617000,Saithe11_Nums,Ageclass 11
2004,Saithe,12,380000,Saithe12_Nums,Ageclass 12
2004,Saithe,13,115000,Saithe13_Nums,Ageclass 13
2004,Saithe,14,60000,Saithe14_Nums,Ageclass 14
2005,Saithe,1,1.90E+07,Saithe1_Nums,Ageclass 1
2005,Saithe,2,4.20E+07,Saithe2_Nums,Ageclass 2
2005,Saithe,3,7.30E+07,Saithe3_Nums,Ageclass 3
2005,Saithe,4,2.00E+07,Saithe4_Nums,Ageclass 4
2005,Saithe,5,4.00E+07,Saithe5_Nums,Ageclass 5
2005,Saithe,6,2.40E+07,Saithe6_Nums,Ageclass 6
2005,Saithe,7,1.40E+07,Saithe7_Nums,Ageclass 7
2005,Saithe,8,5271000,Saithe8_Nums,Ageclass 8
2005,Saithe,9,3125000,Saithe9_Nums,Ageclass 9
2005,Saithe,10,476000,Saithe10_Nums,Ageclass 10
2005,Saithe,11,489000,Saithe11_Nums,Ageclass 11
2005,Saithe,12,386000,Saithe12_Nums,Ageclass 12
2005,Saithe,13,240000,Saithe13_Nums,Ageclass 13
2005,Saithe,14,73000,Saithe14_Nums,Ageclass 14
2006,Saithe,1,2.60E+07,Saithe1_Nums,Ageclass 1
2006,Saithe,2,1.90E+07,Saithe2_Nums,Ageclass 2
2006,Saithe,3,4.20E+07,Saithe3_Nums,Ageclass 3
2006,Saithe,4,5.70E+07,Saithe4_Nums,Ageclass 4
2006,Saithe,5,1.40E+07,Saithe5_Nums,Ageclass 5
2006,Saithe,6,2.40E+07,Saithe6_Nums,Ageclass 6
2006,Saithe,7,1.40E+07,Saithe7_Nums,Ageclass 7
2006,Saithe,8,8507000,Saithe8_Nums,Ageclass 8
2006,Saithe,9,3361000,Saithe9_Nums,Ageclass 9
2006,Saithe,10,1941000,Saithe10_Nums,Ageclass 10
2006,Saithe,11,299000,Saithe11_Nums,Ageclass 11
2006,Saithe,12,298000,Saithe12_Nums,Ageclass 12
2006,Saithe,13,239000,Saithe13_Nums,Ageclass 13
2006,Saithe,14,149000,Saithe14_Nums,Ageclass 14
2007,Saithe,1,3.80E+07,Saithe1_Nums,Ageclass 1
2007,Saithe,2,2.60E+07,Saithe2_Nums,Ageclass 2
2007,Saithe,3,1.90E+07,Saithe3_Nums,Ageclass 3
2007,Saithe,4,3.30E+07,Saithe4_Nums,Ageclass 4
2007,Saithe,5,3.80E+07,Saithe5_Nums,Ageclass 5
2007,Saithe,6,8225000,Saithe6_Nums,Ageclass 6
2007,Saithe,7,1.40E+07,Saithe7_Nums,Ageclass 7
2007,Saithe,8,8670000,Saithe8_Nums,Ageclass 8
2007,Saithe,9,5305000,Saithe9_Nums,Ageclass 9
2007,Saithe,10,2037000,Saithe10_Nums,Ageclass 10
2007,Saithe,11,1189000,Saithe11_Nums,Ageclass 11
2007,Saithe,12,178000,Saithe12_Nums,Ageclass 12
2007,Saithe,13,180000,Saithe13_Nums,Ageclass 13
2007,Saithe,14,144000,Saithe14_Nums,Ageclass 14
2008,Saithe,1,3.60E+07,Saithe1_Nums,Ageclass 1
2008,Saithe,2,3.80E+07,Saithe2_Nums,Ageclass 2
2008,Saithe,3,2.60E+07,Saithe3_Nums,Ageclass 3
2008,Saithe,4,1.50E+07,Saithe4_Nums,Ageclass 4
2008,Saithe,5,2.20E+07,Saithe5_Nums,Ageclass 5
2008,Saithe,6,2.30E+07,Saithe6_Nums,Ageclass 6
2008,Saithe,7,4966000,Saithe7_Nums,Ageclass 7
2008,Saithe,8,8834000,Saithe8_Nums,Ageclass 8
2008,Saithe,9,5516000,Saithe9_Nums,Ageclass 9
2008,Saithe,10,3287000,Saithe10_Nums,Ageclass 10
2008,Saithe,11,1275000,Saithe11_Nums,Ageclass 11
2008,Saithe,12,724000,Saithe12_Nums,Ageclass 12
2008,Saithe,13,110000,Saithe13_Nums,Ageclass 13
2008,Saithe,14,111000,Saithe14_Nums,Ageclass 14
2009,Saithe,1,4.30E+07,Saithe1_Nums,Ageclass 1
2009,Saithe,2,3.60E+07,Saithe2_Nums,Ageclass 2
2009,Saithe,3,3.80E+07,Saithe3_Nums,Ageclass 3
2009,Saithe,4,2.00E+07,Saithe4_Nums,Ageclass 4
2009,Saithe,5,9432000,Saithe5_Nums,Ageclass 5
2009,Saithe,6,1.30E+07,Saithe6_Nums,Ageclass 6
2009,Saithe,7,1.30E+07,Saithe7_Nums,Ageclass 7
2009,Saithe,8,2903000,Saithe8_Nums,Ageclass 8
2009,Saithe,9,5386000,Saithe9_Nums,Ageclass 9
2009,Saithe,10,3261000,Saithe10_Nums,Ageclass 10
2009,Saithe,11,1966000,Saithe11_Nums,Ageclass 11
2009,Saithe,12,739000,Saithe12_Nums,Ageclass 12
2009,Saithe,13,426000,Saithe13_Nums,Ageclass 13
2009,Saithe,14,64000,Saithe14_Nums,Ageclass 14
2010,Saithe,1,3.90E+07,Saithe1_Nums,Ageclass 1
2010,Saithe,2,4.30E+07,Saithe2_Nums,Ageclass 2
2010,Saithe,3,3.60E+07,Saithe3_Nums,Ageclass 3
2010,Saithe,4,3.00E+07,Saithe4_Nums,Ageclass 4
2010,Saithe,5,1.30E+07,Saithe5_Nums,Ageclass 5
2010,Saithe,6,5584000,Saithe6_Nums,Ageclass 6
2010,Saithe,7,7462000,Saithe7_Nums,Ageclass 7
2010,Saithe,8,7860000,Saithe8_Nums,Ageclass 8
2010,Saithe,9,1794000,Saithe9_Nums,Ageclass 9
2010,Saithe,10,3231000,Saithe10_Nums,Ageclass 10
2010,Saithe,11,1979000,Saithe11_Nums,Ageclass 11
2010,Saithe,12,1157000,Saithe12_Nums,Ageclass 12
2010,Saithe,13,441000,Saithe13_Nums,Ageclass 13
2010,Saithe,14,254000,Saithe14_Nums,Ageclass 14
2011,Saithe,1,3.90E+07,Saithe1_Nums,Ageclass 1
2011,Saithe,2,3.90E+07,Saithe2_Nums,Ageclass 2
2011,Saithe,3,4.30E+07,Saithe3_Nums,Ageclass 3
2011,Saithe,4,2.80E+07,Saithe4_Nums,Ageclass 4
2011,Saithe,5,2.00E+07,Saithe5_Nums,Ageclass 5
2011,Saithe,6,8056000,Saithe6_Nums,Ageclass 6
2011,Saithe,7,3342000,Saithe7_Nums,Ageclass 7
2011,Saithe,8,4542000,Saithe8_Nums,Ageclass 8
2011,Saithe,9,4965000,Saithe9_Nums,Ageclass 9
2011,Saithe,10,1103000,Saithe10_Nums,Ageclass 10
2011,Saithe,11,2007000,Saithe11_Nums,Ageclass 11
2011,Saithe,12,1195000,Saithe12_Nums,Ageclass 12
2011,Saithe,13,708000,Saithe13_Nums,Ageclass 13
2011,Saithe,14,270000,Saithe14_Nums,Ageclass 14
2012,Saithe,1,2.80E+07,Saithe1_Nums,Ageclass 1
2012,Saithe,2,3.90E+07,Saithe2_Nums,Ageclass 2
2012,Saithe,3,3.90E+07,Saithe3_Nums,Ageclass 3
2012,Saithe,4,3.30E+07,Saithe4_Nums,Ageclass 4
2012,Saithe,5,1.90E+07,Saithe5_Nums,Ageclass 5
2012,Saithe,6,1.20E+07,Saithe6_Nums,Ageclass 6
2012,Saithe,7,4906000,Saithe7_Nums,Ageclass 7
2012,Saithe,8,2068000,Saithe8_Nums,Ageclass 8
2012,Saithe,9,2911000,Saithe9_Nums,Ageclass 9
2012,Saithe,10,3101000,Saithe10_Nums,Ageclass 10
2012,Saithe,11,695000,Saithe11_Nums,Ageclass 11
2012,Saithe,12,1233000,Saithe12_Nums,Ageclass 12
2012,Saithe,13,743000,Saithe13_Nums,Ageclass 13
2012,Saithe,14,440000,Saithe14_Nums,Ageclass 14
2013,Saithe,1,8.00E+07,Saithe1_Nums,Ageclass 1
2013,Saithe,2,2.80E+07,Saithe2_Nums,Ageclass 2
2013,Saithe,3,3.90E+07,Saithe3_Nums,Ageclass 3
2013,Saithe,4,3.00E+07,Saithe4_Nums,Ageclass 4
2013,Saithe,5,2.30E+07,Saithe5_Nums,Ageclass 5
2013,Saithe,6,1.20E+07,Saithe6_Nums,Ageclass 6
2013,Saithe,7,7405000,Saithe7_Nums,Ageclass 7
2013,Saithe,8,3031000,Saithe8_Nums,Ageclass 8
2013,Saithe,9,1323000,Saithe9_Nums,Ageclass 9
2013,Saithe,10,1815000,Saithe10_Nums,Ageclass 10
2013,Saithe,11,1953000,Saithe11_Nums,Ageclass 11
2013,Saithe,12,427000,Saithe12_Nums,Ageclass 12
2013,Saithe,13,765000,Saithe13_Nums,Ageclass 13
2013,Saithe,14,461000,Saithe14_Nums,Ageclass 14
2014,Saithe,1,3.80E+07,Saithe1_Nums,Ageclass 1
2014,Saithe,2,8.00E+07,Saithe2_Nums,Ageclass 2
2014,Saithe,3,2.80E+07,Saithe3_Nums,Ageclass 3
2014,Saithe,4,3.10E+07,Saithe4_Nums,Ageclass 4
2014,Saithe,5,2.00E+07,Saithe5_Nums,Ageclass 5
2014,Saithe,6,1.30E+07,Saithe6_Nums,Ageclass 6
2014,Saithe,7,6830000,Saithe7_Nums,Ageclass 7
2014,Saithe,8,4397000,Saithe8_Nums,Ageclass 8
2014,Saithe,9,1874000,Saithe9_Nums,Ageclass 9
2014,Saithe,10,794000,Saithe10_Nums,Ageclass 10
2014,Saithe,11,1102000,Saithe11_Nums,Ageclass 11
2014,Saithe,12,1150000,Saithe12_Nums,Ageclass 12
2014,Saithe,13,255000,Saithe13_Nums,Ageclass 13
2014,Saithe,14,457000,Saithe14_Nums,Ageclass 14
2015,Saithe,1,4.90E+07,Saithe1_Nums,Ageclass 1
2015,Saithe,2,3.80E+07,Saithe2_Nums,Ageclass 2
2015,Saithe,3,8.00E+07,Saithe3_Nums,Ageclass 3
2015,Saithe,4,2.20E+07,Saithe4_Nums,Ageclass 4
2015,Saithe,5,2.10E+07,Saithe5_Nums,Ageclass 5
2015,Saithe,6,1.30E+07,Saithe6_Nums,Ageclass 6
2015,Saithe,7,8377000,Saithe7_Nums,Ageclass 7
2015,Saithe,8,4349000,Saithe8_Nums,Ageclass 8
2015,Saithe,9,2888000,Saithe9_Nums,Ageclass 9
2015,Saithe,10,1203000,Saithe10_Nums,Ageclass 10
2015,Saithe,11,514000,Saithe11_Nums,Ageclass 11
2015,Saithe,12,697000,Saithe12_Nums,Ageclass 12
2015,Saithe,13,735000,Saithe13_Nums,Ageclass 13
2015,Saithe,14,163000,Saithe14_Nums,Ageclass 14
2016,Saithe,1,1.60E+07,Saithe1_Nums,Ageclass 1
2016,Saithe,2,4.90E+07,Saithe2_Nums,Ageclass 2
2016,Saithe,3,3.80E+07,Saithe3_Nums,Ageclass 3
2016,Saithe,4,6.30E+07,Saithe4_Nums,Ageclass 4
2016,Saithe,5,1.50E+07,Saithe5_Nums,Ageclass 5
2016,Saithe,6,1.30E+07,Saithe6_Nums,Ageclass 6
2016,Saithe,7,7979000,Saithe7_Nums,Ageclass 7
2016,Saithe,8,5337000,Saithe8_Nums,Ageclass 8
2016,Saithe,9,2858000,Saithe9_Nums,Ageclass 9
2016,Saithe,10,1855000,Saithe10_Nums,Ageclass 10
2016,Saithe,11,779000,Saithe11_Nums,Ageclass 11
2016,Saithe,12,326000,Saithe12_Nums,Ageclass 12
2016,Saithe,13,446000,Saithe13_Nums,Ageclass 13
2016,Saithe,14,470000,Saithe14_Nums,Ageclass 14
2017,Saithe,1,3.20E+07,Saithe1_Nums,Ageclass 1
2017,Saithe,2,1.60E+07,Saithe2_Nums,Ageclass 2
2017,Saithe,3,4.90E+07,Saithe3_Nums,Ageclass 3
2017,Saithe,4,3.00E+07,Saithe4_Nums,Ageclass 4
2017,Saithe,5,4.40E+07,Saithe5_Nums,Ageclass 5
2017,Saithe,6,9844000,Saithe6_Nums,Ageclass 6
2017,Saithe,7,8506000,Saithe7_Nums,Ageclass 7
2017,Saithe,8,5143000,Saithe8_Nums,Ageclass 8
2017,Saithe,9,3544000,Saithe9_Nums,Ageclass 9
2017,Saithe,10,1857000,Saithe10_Nums,Ageclass 10
2017,Saithe,11,1216000,Saithe11_Nums,Ageclass 11
2017,Saithe,12,499000,Saithe12_Nums,Ageclass 12
2017,Saithe,13,211000,Saithe13_Nums,Ageclass 13
2017,Saithe,14,288000,Saithe14_Nums,Ageclass 14
2018,Saithe,1,4.70E+07,Saithe1_Nums,Ageclass 1
2018,Saithe,2,3.20E+07,Saithe2_Nums,Ageclass 2
2018,Saithe,3,1.60E+07,Saithe3_Nums,Ageclass 3
2018,Saithe,4,3.90E+07,Saithe4_Nums,Ageclass 4
2018,Saithe,5,2.10E+07,Saithe5_Nums,Ageclass 5
2018,Saithe,6,2.90E+07,Saithe6_Nums,Ageclass 6
2018,Saithe,7,6527000,Saithe7_Nums,Ageclass 7
2018,Saithe,8,5705000,Saithe8_Nums,Ageclass 8
2018,Saithe,9,3536000,Saithe9_Nums,Ageclass 9
2018,Saithe,10,2393000,Saithe10_Nums,Ageclass 10
2018,Saithe,11,1263000,Saithe11_Nums,Ageclass 11
2018,Saithe,12,811000,Saithe12_Nums,Ageclass 12
2018,Saithe,13,336000,Saithe13_Nums,Ageclass 13
2018,Saithe,14,142000,Saithe14_Nums,Ageclass 14
2019,Saithe,1,4.70E+07,Saithe1_Nums,Ageclass 1
2019,Saithe,2,4.70E+07,Saithe2_Nums,Ageclass 2
2019,Saithe,3,3.20E+07,Saithe3_Nums,Ageclass 3
2019,Saithe,4,1.20E+07,Saithe4_Nums,Ageclass 4
2019,Saithe,5,2.70E+07,Saithe5_Nums,Ageclass 5
2019,Saithe,6,1.40E+07,Saithe6_Nums,Ageclass 6
2019,Saithe,7,1.80E+07,Saithe7_Nums,Ageclass 7
2019,Saithe,8,4134000,Saithe8_Nums,Ageclass 8
2019,Saithe,9,3731000,Saithe9_Nums,Ageclass 9
2019,Saithe,10,2259000,Saithe10_Nums,Ageclass 10
2019,Saithe,11,1542000,Saithe11_Nums,Ageclass 11
2019,Saithe,12,794000,Saithe12_Nums,Ageclass 12
2019,Saithe,13,516000,Saithe13_Nums,Ageclass 13
2019,Saithe,14,214000,Saithe14_Nums,Ageclass 14
2020,Saithe,1,5.10E+07,Saithe1_Nums,Ageclass 1
2020,Saithe,2,4.70E+07,Saithe2_Nums,Ageclass 2
2020,Saithe,3,4.70E+07,Saithe3_Nums,Ageclass 3
2020,Saithe,4,2.50E+07,Saithe4_Nums,Ageclass 4
2020,Saithe,5,8420000,Saithe5_Nums,Ageclass 5
2020,Saithe,6,1.70E+07,Saithe6_Nums,Ageclass 6
2020,Saithe,7,8441000,Saithe7_Nums,Ageclass 7
2020,Saithe,8,1.20E+07,Saithe8_Nums,Ageclass 8
2020,Saithe,9,2697000,Saithe9_Nums,Ageclass 9
2020,Saithe,10,2377000,Saithe10_Nums,Ageclass 10
2020,Saithe,11,1452000,Saithe11_Nums,Ageclass 11
2020,Saithe,12,967000,Saithe12_Nums,Ageclass 12
2020,Saithe,13,504000,Saithe13_Nums,Ageclass 13
2020,Saithe,14,327000,Saithe14_Nums,Ageclass 14
1979,Haddock,1,48417000,Haddock1_Nums,Ageclass 1
1979,Haddock,2,83382000,Haddock2_Nums,Ageclass 2
1979,Haddock,3,129393000,Haddock3_Nums,Ageclass 3
1979,Haddock,4,26959000,Haddock4_Nums,Ageclass 4
1979,Haddock,5,19575000,Haddock5_Nums,Ageclass 5
1979,Haddock,6,17554000,Haddock6_Nums,Ageclass 6
1979,Haddock,7,4298000,Haddock7_Nums,Ageclass 7
1979,Haddock,8,593000,Haddock8_Nums,Ageclass 8
1979,Haddock,9,126000,Haddock9_Nums,Ageclass 9
1979,Haddock,10,152000,Haddock10_Nums,Ageclass 10
1980,Haddock,1,12955000,Haddock1_Nums,Ageclass 1
1980,Haddock,2,39640000,Haddock2_Nums,Ageclass 2
1980,Haddock,3,67473000,Haddock3_Nums,Ageclass 3
1980,Haddock,4,96512000,Haddock4_Nums,Ageclass 4
1980,Haddock,5,16291000,Haddock5_Nums,Ageclass 5
1980,Haddock,6,9318000,Haddock6_Nums,Ageclass 6
1980,Haddock,7,6995000,Haddock7_Nums,Ageclass 7
1980,Haddock,8,1551000,Haddock8_Nums,Ageclass 8
1980,Haddock,9,201000,Haddock9_Nums,Ageclass 9
1980,Haddock,10,88000,Haddock10_Nums,Ageclass 10
1981,Haddock,1,56109000,Haddock1_Nums,Ageclass 1
1981,Haddock,2,10607000,Haddock2_Nums,Ageclass 2
1981,Haddock,3,32193000,Haddock3_Nums,Ageclass 3
1981,Haddock,4,51801000,Haddock4_Nums,Ageclass 4
1981,Haddock,5,64075000,Haddock5_Nums,Ageclass 5
1981,Haddock,6,9174000,Haddock6_Nums,Ageclass 6
1981,Haddock,7,4641000,Haddock7_Nums,Ageclass 7
1981,Haddock,8,3254000,Haddock8_Nums,Ageclass 8
1981,Haddock,9,690000,Haddock9_Nums,Ageclass 9
1981,Haddock,10,126000,Haddock10_Nums,Ageclass 10
1982,Haddock,1,41573000,Haddock1_Nums,Ageclass 1
1982,Haddock,2,45938000,Haddock2_Nums,Ageclass 2
1982,Haddock,3,8610000,Haddock3_Nums,Ageclass 3
1982,Haddock,4,24621000,Haddock4_Nums,Ageclass 4
1982,Haddock,5,33963000,Haddock5_Nums,Ageclass 5
1982,Haddock,6,35284000,Haddock6_Nums,Ageclass 6
1982,Haddock,7,4436000,Haddock7_Nums,Ageclass 7
1982,Haddock,8,2087000,Haddock8_Nums,Ageclass 8
1982,Haddock,9,1396000,Haddock9_Nums,Ageclass 9
1982,Haddock,10,344000,Haddock10_Nums,Ageclass 10
1983,Haddock,1,21985000,Haddock1_Nums,Ageclass 1
1983,Haddock,2,34037000,Haddock2_Nums,Ageclass 2
1983,Haddock,3,37270000,Haddock3_Nums,Ageclass 3
1983,Haddock,4,6556000,Haddock4_Nums,Ageclass 4
1983,Haddock,5,15916000,Haddock5_Nums,Ageclass 5
1983,Haddock,6,18237000,Haddock6_Nums,Ageclass 6
1983,Haddock,7,16498000,Haddock7_Nums,Ageclass 7
1983,Haddock,8,1920000,Haddock8_Nums,Ageclass 8
1983,Haddock,9,860000,Haddock9_Nums,Ageclass 9
1983,Haddock,10,702000,Haddock10_Nums,Ageclass 10
1984,Haddock,1,57192000,Haddock1_Nums,Ageclass 1
1984,Haddock,2,1.80E+07,Haddock2_Nums,Ageclass 2
1984,Haddock,3,27603000,Haddock3_Nums,Ageclass 3
1984,Haddock,4,28288000,Haddock4_Nums,Ageclass 4
1984,Haddock,5,4194000,Haddock5_Nums,Ageclass 5
1984,Haddock,6,8386000,Haddock6_Nums,Ageclass 6
1984,Haddock,7,8315000,Haddock7_Nums,Ageclass 7
1984,Haddock,8,6941000,Haddock8_Nums,Ageclass 8
1984,Haddock,9,767000,Haddock9_Nums,Ageclass 9
1984,Haddock,10,605000,Haddock10_Nums,Ageclass 10
1985,Haddock,1,114736000,Haddock1_Nums,Ageclass 1
1985,Haddock,2,46825000,Haddock2_Nums,Ageclass 2
1985,Haddock,3,14592000,Haddock3_Nums,Ageclass 3
1985,Haddock,4,20888000,Haddock4_Nums,Ageclass 4
1985,Haddock,5,17918000,Haddock5_Nums,Ageclass 5
1985,Haddock,6,2171000,Haddock6_Nums,Ageclass 6
1985,Haddock,7,3736000,Haddock7_Nums,Ageclass 7
1985,Haddock,8,3407000,Haddock8_Nums,Ageclass 8
1985,Haddock,9,2694000,Haddock9_Nums,Ageclass 9
1985,Haddock,10,514000,Haddock10_Nums,Ageclass 10
1986,Haddock,1,198001000,Haddock1_Nums,Ageclass 1
1986,Haddock,2,93938000,Haddock2_Nums,Ageclass 2
1986,Haddock,3,37556000,Haddock3_Nums,Ageclass 3
1986,Haddock,4,10479000,Haddock4_Nums,Ageclass 4
1986,Haddock,5,11147000,Haddock5_Nums,Ageclass 5
1986,Haddock,6,7916000,Haddock6_Nums,Ageclass 6
1986,Haddock,7,820000,Haddock7_Nums,Ageclass 7
1986,Haddock,8,1336000,Haddock8_Nums,Ageclass 8
1986,Haddock,9,1173000,Haddock9_Nums,Ageclass 9
1986,Haddock,10,1091000,Haddock10_Nums,Ageclass 10
1987,Haddock,1,50860000,Haddock1_Nums,Ageclass 1
1987,Haddock,2,162110000,Haddock2_Nums,Ageclass 2
1987,Haddock,3,75211000,Haddock3_Nums,Ageclass 3
1987,Haddock,4,25224000,Haddock4_Nums,Ageclass 4
1987,Haddock,5,5335000,Haddock5_Nums,Ageclass 5
1987,Haddock,6,4140000,Haddock6_Nums,Ageclass 6
1987,Haddock,7,2692000,Haddock7_Nums,Ageclass 7
1987,Haddock,8,252000,Haddock8_Nums,Ageclass 8
1987,Haddock,9,409000,Haddock9_Nums,Ageclass 9
1987,Haddock,10,674000,Haddock10_Nums,Ageclass 10
1988,Haddock,1,28964000,Haddock1_Nums,Ageclass 1
1988,Haddock,2,41641000,Haddock2_Nums,Ageclass 2
1988,Haddock,3,131683000,Haddock3_Nums,Ageclass 3
1988,Haddock,4,55880000,Haddock4_Nums,Ageclass 4
1988,Haddock,5,14010000,Haddock5_Nums,Ageclass 5
1988,Haddock,6,2474000,Haddock6_Nums,Ageclass 6
1988,Haddock,7,1656000,Haddock7_Nums,Ageclass 7
1988,Haddock,8,1030000,Haddock8_Nums,Ageclass 8
1988,Haddock,9,94000,Haddock9_Nums,Ageclass 9
1988,Haddock,10,393000,Haddock10_Nums,Ageclass 10
1989,Haddock,1,31428000,Haddock1_Nums,Ageclass 1
1989,Haddock,2,23714000,Haddock2_Nums,Ageclass 2
1989,Haddock,3,33695000,Haddock3_Nums,Ageclass 3
1989,Haddock,4,98724000,Haddock4_Nums,Ageclass 4
1989,Haddock,5,32064000,Haddock5_Nums,Ageclass 5
1989,Haddock,6,5697000,Haddock6_Nums,Ageclass 6
1989,Haddock,7,859000,Haddock7_Nums,Ageclass 7
1989,Haddock,8,546000,Haddock8_Nums,Ageclass 8
1989,Haddock,9,333000,Haddock9_Nums,Ageclass 9
1989,Haddock,10,150000,Haddock10_Nums,Ageclass 10
1990,Haddock,1,106736000,Haddock1_Nums,Ageclass 1
1990,Haddock,2,25731000,Haddock2_Nums,Ageclass 2
1990,Haddock,3,19201000,Haddock3_Nums,Ageclass 3
1990,Haddock,4,25684000,Haddock4_Nums,Ageclass 4
1990,Haddock,5,60894000,Haddock5_Nums,Ageclass 5
1990,Haddock,6,14782000,Haddock6_Nums,Ageclass 6
1990,Haddock,7,2125000,Haddock7_Nums,Ageclass 7
1990,Haddock,8,295000,Haddock8_Nums,Ageclass 8
1990,Haddock,9,184000,Haddock9_Nums,Ageclass 9
1990,Haddock,10,161000,Haddock10_Nums,Ageclass 10
1991,Haddock,1,199100000,Haddock1_Nums,Ageclass 1
1991,Haddock,2,87388000,Haddock2_Nums,Ageclass 2
1991,Haddock,3,20793000,Haddock3_Nums,Ageclass 3
1991,Haddock,4,14325000,Haddock4_Nums,Ageclass 4
1991,Haddock,5,15719000,Haddock5_Nums,Ageclass 5
1991,Haddock,6,29638000,Haddock6_Nums,Ageclass 6
1991,Haddock,7,5396000,Haddock7_Nums,Ageclass 7
1991,Haddock,8,670000,Haddock8_Nums,Ageclass 8
1991,Haddock,9,90000,Haddock9_Nums,Ageclass 9
1991,Haddock,10,101000,Haddock10_Nums,Ageclass 10
1992,Haddock,1,45499000,Haddock1_Nums,Ageclass 1
1992,Haddock,2,163009000,Haddock2_Nums,Ageclass 2
1992,Haddock,3,70772000,Haddock3_Nums,Ageclass 3
1992,Haddock,4,15433000,Haddock4_Nums,Ageclass 4
1992,Haddock,5,8066000,Haddock5_Nums,Ageclass 5
1992,Haddock,6,7342000,Haddock6_Nums,Ageclass 6
1992,Haddock,7,11719000,Haddock7_Nums,Ageclass 7
1992,Haddock,8,1884000,Haddock8_Nums,Ageclass 8
1992,Haddock,9,214000,Haddock9_Nums,Ageclass 9
1992,Haddock,10,58000,Haddock10_Nums,Ageclass 10
1993,Haddock,1,43168000,Haddock1_Nums,Ageclass 1
1993,Haddock,2,37252000,Haddock2_Nums,Ageclass 2
1993,Haddock,3,132128000,Haddock3_Nums,Ageclass 3
1993,Haddock,4,51302000,Haddock4_Nums,Ageclass 4
1993,Haddock,5,8698000,Haddock5_Nums,Ageclass 5
1993,Haddock,6,3476000,Haddock6_Nums,Ageclass 6
1993,Haddock,7,2535000,Haddock7_Nums,Ageclass 7
1993,Haddock,8,3573000,Haddock8_Nums,Ageclass 8
1993,Haddock,9,523000,Haddock9_Nums,Ageclass 9
1993,Haddock,10,68000,Haddock10_Nums,Ageclass 10
1994,Haddock,1,80176000,Haddock1_Nums,Ageclass 1
1994,Haddock,2,35343000,Haddock2_Nums,Ageclass 2
1994,Haddock,3,30155000,Haddock3_Nums,Ageclass 3
1994,Haddock,4,101012000,Haddock4_Nums,Ageclass 4
1994,Haddock,5,29600000,Haddock5_Nums,Ageclass 5
1994,Haddock,6,3578000,Haddock6_Nums,Ageclass 6
1994,Haddock,7,1292000,Haddock7_Nums,Ageclass 7
1994,Haddock,8,762000,Haddock8_Nums,Ageclass 8
1994,Haddock,9,1067000,Haddock9_Nums,Ageclass 9
1994,Haddock,10,161000,Haddock10_Nums,Ageclass 10
1995,Haddock,1,38284000,Haddock1_Nums,Ageclass 1
1995,Haddock,2,65642000,Haddock2_Nums,Ageclass 2
1995,Haddock,3,28491000,Haddock3_Nums,Ageclass 3
1995,Haddock,4,22454000,Haddock4_Nums,Ageclass 4
1995,Haddock,5,62456000,Haddock5_Nums,Ageclass 5
1995,Haddock,6,12231000,Haddock6_Nums,Ageclass 6
1995,Haddock,7,1166000,Haddock7_Nums,Ageclass 7
1995,Haddock,8,383000,Haddock8_Nums,Ageclass 8
1995,Haddock,9,198000,Haddock9_Nums,Ageclass 9
1995,Haddock,10,350000,Haddock10_Nums,Ageclass 10
1996,Haddock,1,112534000,Haddock1_Nums,Ageclass 1
1996,Haddock,2,31344000,Haddock2_Nums,Ageclass 2
1996,Haddock,3,53033000,Haddock3_Nums,Ageclass 3
1996,Haddock,4,20782000,Haddock4_Nums,Ageclass 4
1996,Haddock,5,13491000,Haddock5_Nums,Ageclass 5
1996,Haddock,6,29511000,Haddock6_Nums,Ageclass 6
1996,Haddock,7,3830000,Haddock7_Nums,Ageclass 7
1996,Haddock,8,298000,Haddock8_Nums,Ageclass 8
1996,Haddock,9,85000,Haddock9_Nums,Ageclass 9
1996,Haddock,10,154000,Haddock10_Nums,Ageclass 10
1997,Haddock,1,21401000,Haddock1_Nums,Ageclass 1
1997,Haddock,2,92135000,Haddock2_Nums,Ageclass 2
1997,Haddock,3,25277000,Haddock3_Nums,Ageclass 3
1997,Haddock,4,38644000,Haddock4_Nums,Ageclass 4
1997,Haddock,5,11690000,Haddock5_Nums,Ageclass 5
1997,Haddock,6,6258000,Haddock6_Nums,Ageclass 6
1997,Haddock,7,10569000,Haddock7_Nums,Ageclass 7
1997,Haddock,8,1012000,Haddock8_Nums,Ageclass 8
1997,Haddock,9,69000,Haddock9_Nums,Ageclass 9
1997,Haddock,10,52000,Haddock10_Nums,Ageclass 10
1998,Haddock,1,61054000,Haddock1_Nums,Ageclass 1
1998,Haddock,2,17521000,Haddock2_Nums,Ageclass 2
1998,Haddock,3,74455000,Haddock3_Nums,Ageclass 3
1998,Haddock,4,18906000,Haddock4_Nums,Ageclass 4
1998,Haddock,5,22550000,Haddock5_Nums,Ageclass 5
1998,Haddock,6,5133000,Haddock6_Nums,Ageclass 6
1998,Haddock,7,2515000,Haddock7_Nums,Ageclass 7
1998,Haddock,8,3442000,Haddock8_Nums,Ageclass 8
1998,Haddock,9,288000,Haddock9_Nums,Ageclass 9
1998,Haddock,10,31000,Haddock10_Nums,Ageclass 10
1999,Haddock,1,144387000,Haddock1_Nums,Ageclass 1
1999,Haddock,2,49987000,Haddock2_Nums,Ageclass 2
1999,Haddock,3,14090000,Haddock3_Nums,Ageclass 3
1999,Haddock,4,56159000,Haddock4_Nums,Ageclass 4
1999,Haddock,5,11580000,Haddock5_Nums,Ageclass 5
1999,Haddock,6,9959000,Haddock6_Nums,Ageclass 6
1999,Haddock,7,1783000,Haddock7_Nums,Ageclass 7
1999,Haddock,8,805000,Haddock8_Nums,Ageclass 8
1999,Haddock,9,953000,Haddock9_Nums,Ageclass 9
1999,Haddock,10,82000,Haddock10_Nums,Ageclass 10
2000,Haddock,1,187065000,Haddock1_Nums,Ageclass 1
2000,Haddock,2,118214000,Haddock2_Nums,Ageclass 2
2000,Haddock,3,40085000,Haddock3_Nums,Ageclass 3
2000,Haddock,4,10127000,Haddock4_Nums,Ageclass 4
2000,Haddock,5,34695000,Haddock5_Nums,Ageclass 5
2000,Haddock,6,4982000,Haddock6_Nums,Ageclass 6
2000,Haddock,7,2847000,Haddock7_Nums,Ageclass 7
2000,Haddock,8,447000,Haddock8_Nums,Ageclass 8
2000,Haddock,9,193000,Haddock9_Nums,Ageclass 9
2000,Haddock,10,233000,Haddock10_Nums,Ageclass 10
2001,Haddock,1,242500000,Haddock1_Nums,Ageclass 1
2001,Haddock,2,153156000,Haddock2_Nums,Ageclass 2
2001,Haddock,3,95342000,Haddock3_Nums,Ageclass 3
2001,Haddock,4,27675000,Haddock4_Nums,Ageclass 4
2001,Haddock,5,5586000,Haddock5_Nums,Ageclass 5
2001,Haddock,6,15740000,Haddock6_Nums,Ageclass 6
2001,Haddock,7,1658000,Haddock7_Nums,Ageclass 7
2001,Haddock,8,734000,Haddock8_Nums,Ageclass 8
2001,Haddock,9,110000,Haddock9_Nums,Ageclass 9
2001,Haddock,10,97000,Haddock10_Nums,Ageclass 10
2002,Haddock,1,56811000,Haddock1_Nums,Ageclass 1
2002,Haddock,2,198542000,Haddock2_Nums,Ageclass 2
2002,Haddock,3,123933000,Haddock3_Nums,Ageclass 3
2002,Haddock,4,71191000,Haddock4_Nums,Ageclass 4
2002,Haddock,5,15599000,Haddock5_Nums,Ageclass 5
2002,Haddock,6,2638000,Haddock6_Nums,Ageclass 6
2002,Haddock,7,7185000,Haddock7_Nums,Ageclass 7
2002,Haddock,8,637000,Haddock8_Nums,Ageclass 8
2002,Haddock,9,252000,Haddock9_Nums,Ageclass 9
2002,Haddock,10,65000,Haddock10_Nums,Ageclass 10
2003,Haddock,1,177672000,Haddock1_Nums,Ageclass 1
2003,Haddock,2,46513000,Haddock2_Nums,Ageclass 2
2003,Haddock,3,161064000,Haddock3_Nums,Ageclass 3
2003,Haddock,4,93720000,Haddock4_Nums,Ageclass 4
2003,Haddock,5,44976000,Haddock5_Nums,Ageclass 5
2003,Haddock,6,7666000,Haddock6_Nums,Ageclass 6
2003,Haddock,7,1137000,Haddock7_Nums,Ageclass 7
2003,Haddock,8,3082000,Haddock8_Nums,Ageclass 8
2003,Haddock,9,265000,Haddock9_Nums,Ageclass 9
2003,Haddock,10,110000,Haddock10_Nums,Ageclass 10
2004,Haddock,1,465661000,Haddock1_Nums,Ageclass 1
2004,Haddock,2,145466000,Haddock2_Nums,Ageclass 2
2004,Haddock,3,37484000,Haddock3_Nums,Ageclass 3
2004,Haddock,4,124582000,Haddock4_Nums,Ageclass 4
2004,Haddock,5,62613000,Haddock5_Nums,Ageclass 5
2004,Haddock,6,24893000,Haddock6_Nums,Ageclass 6
2004,Haddock,7,3565000,Haddock7_Nums,Ageclass 7
2004,Haddock,8,454000,Haddock8_Nums,Ageclass 8
2004,Haddock,9,1330000,Haddock9_Nums,Ageclass 9
2004,Haddock,10,146000,Haddock10_Nums,Ageclass 10
2005,Haddock,1,105809000,Haddock1_Nums,Ageclass 1
2005,Haddock,2,381251000,Haddock2_Nums,Ageclass 2
2005,Haddock,3,117963000,Haddock3_Nums,Ageclass 3
2005,Haddock,4,27489000,Haddock4_Nums,Ageclass 4
2005,Haddock,5,81423000,Haddock5_Nums,Ageclass 5
2005,Haddock,6,33208000,Haddock6_Nums,Ageclass 6
2005,Haddock,7,11375000,Haddock7_Nums,Ageclass 7
2005,Haddock,8,1410000,Haddock8_Nums,Ageclass 8
2005,Haddock,9,179000,Haddock9_Nums,Ageclass 9
2005,Haddock,10,559000,Haddock10_Nums,Ageclass 10
2006,Haddock,1,49324000,Haddock1_Nums,Ageclass 1
2006,Haddock,2,86629000,Haddock2_Nums,Ageclass 2
2006,Haddock,3,309770000,Haddock3_Nums,Ageclass 3
2006,Haddock,4,89091000,Haddock4_Nums,Ageclass 4
2006,Haddock,5,16608000,Haddock5_Nums,Ageclass 5
2006,Haddock,6,42899000,Haddock6_Nums,Ageclass 6
2006,Haddock,7,14866000,Haddock7_Nums,Ageclass 7
2006,Haddock,8,4401000,Haddock8_Nums,Ageclass 8
2006,Haddock,9,490000,Haddock9_Nums,Ageclass 9
2006,Haddock,10,249000,Haddock10_Nums,Ageclass 10
2007,Haddock,1,48537000,Haddock1_Nums,Ageclass 1
2007,Haddock,2,40383000,Haddock2_Nums,Ageclass 2
2007,Haddock,3,70480000,Haddock3_Nums,Ageclass 3
2007,Haddock,4,241053000,Haddock4_Nums,Ageclass 4
2007,Haddock,5,56753000,Haddock5_Nums,Ageclass 5
2007,Haddock,6,8355000,Haddock6_Nums,Ageclass 6
2007,Haddock,7,17694000,Haddock7_Nums,Ageclass 7
2007,Haddock,8,5231000,Haddock8_Nums,Ageclass 8
2007,Haddock,9,1448000,Haddock9_Nums,Ageclass 9
2007,Haddock,10,209000,Haddock10_Nums,Ageclass 10
2008,Haddock,1,143089000,Haddock1_Nums,Ageclass 1
2008,Haddock,2,39739000,Haddock2_Nums,Ageclass 2
2008,Haddock,3,32644000,Haddock3_Nums,Ageclass 3
2008,Haddock,4,54368000,Haddock4_Nums,Ageclass 4
2008,Haddock,5,162265000,Haddock5_Nums,Ageclass 5
2008,Haddock,6,28137000,Haddock6_Nums,Ageclass 6
2008,Haddock,7,3188000,Haddock7_Nums,Ageclass 7
2008,Haddock,8,5964000,Haddock8_Nums,Ageclass 8
2008,Haddock,9,1612000,Haddock9_Nums,Ageclass 9
2008,Haddock,10,493000,Haddock10_Nums,Ageclass 10
2009,Haddock,1,53324000,Haddock1_Nums,Ageclass 1
2009,Haddock,2,117151000,Haddock2_Nums,Ageclass 2
2009,Haddock,3,32081000,Haddock3_Nums,Ageclass 3
2009,Haddock,4,24873000,Haddock4_Nums,Ageclass 4
2009,Haddock,5,36703000,Haddock5_Nums,Ageclass 5
2009,Haddock,6,91627000,Haddock6_Nums,Ageclass 6
2009,Haddock,7,12043000,Haddock7_Nums,Ageclass 7
2009,Haddock,8,1063000,Haddock8_Nums,Ageclass 8
2009,Haddock,9,1765000,Haddock9_Nums,Ageclass 9
2009,Haddock,10,575000,Haddock10_Nums,Ageclass 10
2010,Haddock,1,44109000,Haddock1_Nums,Ageclass 1
2010,Haddock,2,43658000,Haddock2_Nums,Ageclass 2
2010,Haddock,3,95188000,Haddock3_Nums,Ageclass 3
2010,Haddock,4,23786000,Haddock4_Nums,Ageclass 4
2010,Haddock,5,15876000,Haddock5_Nums,Ageclass 5
2010,Haddock,6,20350000,Haddock6_Nums,Ageclass 6
2010,Haddock,7,42621000,Haddock7_Nums,Ageclass 7
2010,Haddock,8,4554000,Haddock8_Nums,Ageclass 8
2010,Haddock,9,335000,Haddock9_Nums,Ageclass 9
2010,Haddock,10,636000,Haddock10_Nums,Ageclass 10
2011,Haddock,1,30611000,Haddock1_Nums,Ageclass 1
2011,Haddock,2,36114000,Haddock2_Nums,Ageclass 2
2011,Haddock,3,35423000,Haddock3_Nums,Ageclass 3
2011,Haddock,4,72438000,Haddock4_Nums,Ageclass 4
2011,Haddock,5,14705000,Haddock5_Nums,Ageclass 5
2011,Haddock,6,8816000,Haddock6_Nums,Ageclass 6
2011,Haddock,7,9681000,Haddock7_Nums,Ageclass 7
2011,Haddock,8,17420000,Haddock8_Nums,Ageclass 8
2011,Haddock,9,1633000,Haddock9_Nums,Ageclass 9
2011,Haddock,10,292000,Haddock10_Nums,Ageclass 10
2012,Haddock,1,51696000,Haddock1_Nums,Ageclass 1
2012,Haddock,2,25062000,Haddock2_Nums,Ageclass 2
2012,Haddock,3,29311000,Haddock3_Nums,Ageclass 3
2012,Haddock,4,27126000,Haddock4_Nums,Ageclass 4
2012,Haddock,5,48987000,Haddock5_Nums,Ageclass 5
2012,Haddock,6,8363000,Haddock6_Nums,Ageclass 6
2012,Haddock,7,4652000,Haddock7_Nums,Ageclass 7
2012,Haddock,8,4675000,Haddock8_Nums,Ageclass 8
2012,Haddock,9,7761000,Haddock9_Nums,Ageclass 9
2012,Haddock,10,801000,Haddock10_Nums,Ageclass 10
2013,Haddock,1,35045000,Haddock1_Nums,Ageclass 1
2013,Haddock,2,42325000,Haddock2_Nums,Ageclass 2
2013,Haddock,3,20322000,Haddock3_Nums,Ageclass 3
2013,Haddock,4,22489000,Haddock4_Nums,Ageclass 4
2013,Haddock,5,18624000,Haddock5_Nums,Ageclass 5
2013,Haddock,6,29646000,Haddock6_Nums,Ageclass 6
2013,Haddock,7,4518000,Haddock7_Nums,Ageclass 7
2013,Haddock,8,2313000,Haddock8_Nums,Ageclass 8
2013,Haddock,9,2241000,Haddock9_Nums,Ageclass 9
2013,Haddock,10,4012000,Haddock10_Nums,Ageclass 10
2014,Haddock,1,25578000,Haddock1_Nums,Ageclass 1
2014,Haddock,2,28692000,Haddock2_Nums,Ageclass 2
2014,Haddock,3,34346000,Haddock3_Nums,Ageclass 3
2014,Haddock,4,15332000,Haddock4_Nums,Ageclass 4
2014,Haddock,5,15191000,Haddock5_Nums,Ageclass 5
2014,Haddock,6,11456000,Haddock6_Nums,Ageclass 6
2014,Haddock,7,16676000,Haddock7_Nums,Ageclass 7
2014,Haddock,8,2432000,Haddock8_Nums,Ageclass 8
2014,Haddock,9,1197000,Haddock9_Nums,Ageclass 9
2014,Haddock,10,3101000,Haddock10_Nums,Ageclass 10
2015,Haddock,1,141713000,Haddock1_Nums,Ageclass 1
2015,Haddock,2,20941000,Haddock2_Nums,Ageclass 2
2015,Haddock,3,23296000,Haddock3_Nums,Ageclass 3
2015,Haddock,4,26429000,Haddock4_Nums,Ageclass 4
2015,Haddock,5,10694000,Haddock5_Nums,Ageclass 5
2015,Haddock,6,9839000,Haddock6_Nums,Ageclass 6
2015,Haddock,7,6957000,Haddock7_Nums,Ageclass 7
2015,Haddock,8,9693000,Haddock8_Nums,Ageclass 8
2015,Haddock,9,1391000,Haddock9_Nums,Ageclass 9
2015,Haddock,10,2375000,Haddock10_Nums,Ageclass 10
2016,Haddock,1,63793000,Haddock1_Nums,Ageclass 1
2016,Haddock,2,116025000,Haddock2_Nums,Ageclass 2
2016,Haddock,3,16948000,Haddock3_Nums,Ageclass 3
2016,Haddock,4,17702000,Haddock4_Nums,Ageclass 4
2016,Haddock,5,17922000,Haddock5_Nums,Ageclass 5
2016,Haddock,6,6529000,Haddock6_Nums,Ageclass 6
2016,Haddock,7,5729000,Haddock7_Nums,Ageclass 7
2016,Haddock,8,3865000,Haddock8_Nums,Ageclass 8
2016,Haddock,9,5280000,Haddock9_Nums,Ageclass 9
2016,Haddock,10,2007000,Haddock10_Nums,Ageclass 10
2017,Haddock,1,53433000,Haddock1_Nums,Ageclass 1
2017,Haddock,2,52229000,Haddock2_Nums,Ageclass 2
2017,Haddock,3,94584000,Haddock3_Nums,Ageclass 3
2017,Haddock,4,12729000,Haddock4_Nums,Ageclass 4
2017,Haddock,5,11782000,Haddock5_Nums,Ageclass 5
2017,Haddock,6,10796000,Haddock6_Nums,Ageclass 6
2017,Haddock,7,3654000,Haddock7_Nums,Ageclass 7
2017,Haddock,8,3151000,Haddock8_Nums,Ageclass 8
2017,Haddock,9,2026000,Haddock9_Nums,Ageclass 9
2017,Haddock,10,3764000,Haddock10_Nums,Ageclass 10
2018,Haddock,1,107098000,Haddock1_Nums,Ageclass 1
2018,Haddock,2,43747000,Haddock2_Nums,Ageclass 2
2018,Haddock,3,42464000,Haddock3_Nums,Ageclass 3
2018,Haddock,4,74164000,Haddock4_Nums,Ageclass 4
2018,Haddock,5,8205000,Haddock5_Nums,Ageclass 5
2018,Haddock,6,7048000,Haddock6_Nums,Ageclass 6
2018,Haddock,7,6031000,Haddock7_Nums,Ageclass 7
2018,Haddock,8,1952000,Haddock8_Nums,Ageclass 8
2018,Haddock,9,1649000,Haddock9_Nums,Ageclass 9
2018,Haddock,10,2978000,Haddock10_Nums,Ageclass 10
2019,Haddock,1,20216000,Haddock1_Nums,Ageclass 1
2019,Haddock,2,87684000,Haddock2_Nums,Ageclass 2
2019,Haddock,3,35528000,Haddock3_Nums,Ageclass 3
2019,Haddock,4,32225000,Haddock4_Nums,Ageclass 4
2019,Haddock,5,49830000,Haddock5_Nums,Ageclass 5
2019,Haddock,6,4361000,Haddock6_Nums,Ageclass 6
2019,Haddock,7,3496000,Haddock7_Nums,Ageclass 7
2019,Haddock,8,2912000,Haddock8_Nums,Ageclass 8
2019,Haddock,9,923000,Haddock9_Nums,Ageclass 9
2019,Haddock,10,2134000,Haddock10_Nums,Ageclass 10
2020,Haddock,1,181428000,Haddock1_Nums,Ageclass 1
2020,Haddock,2,16551000,Haddock2_Nums,Ageclass 2
2020,Haddock,3,71288000,Haddock3_Nums,Ageclass 3
2020,Haddock,4,26888000,Haddock4_Nums,Ageclass 4
2020,Haddock,5,20619000,Haddock5_Nums,Ageclass 5
2020,Haddock,6,27815000,Haddock6_Nums,Ageclass 6
2020,Haddock,7,1976000,Haddock7_Nums,Ageclass 7
2020,Haddock,8,1521000,Haddock8_Nums,Ageclass 8
2020,Haddock,9,1247000,Haddock9_Nums,Ageclass 9
2020,Haddock,10,1285000,Haddock10_Nums,Ageclass 10
1978,Capelin,1,NA,Capelin1_Nums,Ageclass 1
1979,Capelin,1,2.20E+10,Capelin1_Nums,Ageclass 1
1980,Capelin,1,2.35E+10,Capelin1_Nums,Ageclass 1
1981,Capelin,1,2.10E+10,Capelin1_Nums,Ageclass 1
1982,Capelin,1,6.80E+10,Capelin1_Nums,Ageclass 1
1983,Capelin,1,4.41E+10,Capelin1_Nums,Ageclass 1
1984,Capelin,1,7.38E+10,Capelin1_Nums,Ageclass 1
1985,Capelin,1,3.38E+10,Capelin1_Nums,Ageclass 1
1986,Capelin,1,5.86E+10,Capelin1_Nums,Ageclass 1
1987,Capelin,1,2.60E+09,Capelin1_Nums,Ageclass 1
1988,Capelin,1,4.39E+10,Capelin1_Nums,Ageclass 1
1989,Capelin,1,2.92E+10,Capelin1_Nums,Ageclass 1
1990,Capelin,1,2.72E+10,Capelin1_Nums,Ageclass 1
1991,Capelin,1,6.00E+10,Capelin1_Nums,Ageclass 1
1992,Capelin,1,1.05E+11,Capelin1_Nums,Ageclass 1
1993,Capelin,1,1.00E+11,Capelin1_Nums,Ageclass 1
1994,Capelin,1,1.19E+11,Capelin1_Nums,Ageclass 1
1995,Capelin,1,1.65E+11,Capelin1_Nums,Ageclass 1
1996,Capelin,1,1.12E+11,Capelin1_Nums,Ageclass 1
1997,Capelin,1,6.68E+10,Capelin1_Nums,Ageclass 1
1998,Capelin,1,1.21E+11,Capelin1_Nums,Ageclass 1
1999,Capelin,1,8.98E+10,Capelin1_Nums,Ageclass 1
2000,Capelin,1,1.04E+11,Capelin1_Nums,Ageclass 1
2001,Capelin,1,1.02E+11,Capelin1_Nums,Ageclass 1
2002,Capelin,1,NA,Capelin1_Nums,Ageclass 1
2003,Capelin,1,4.90E+09,Capelin1_Nums,Ageclass 1
2004,Capelin,1,7.90E+09,Capelin1_Nums,Ageclass 1
2005,Capelin,1,NA,Capelin1_Nums,Ageclass 1
2006,Capelin,1,4.47E+10,Capelin1_Nums,Ageclass 1
2007,Capelin,1,5.70E+09,Capelin1_Nums,Ageclass 1
2008,Capelin,1,1.26E+10,Capelin1_Nums,Ageclass 1
2009,Capelin,1,1.54E+10,Capelin1_Nums,Ageclass 1
2010,Capelin,1,1.01E+11,Capelin1_Nums,Ageclass 1
2011,Capelin,1,9.60E+09,Capelin1_Nums,Ageclass 1
2012,Capelin,1,1.94E+10,Capelin1_Nums,Ageclass 1
2013,Capelin,1,6.07E+10,Capelin1_Nums,Ageclass 1
2014,Capelin,1,5.80E+10,Capelin1_Nums,Ageclass 1
2015,Capelin,1,5.40E+09,Capelin1_Nums,Ageclass 1
2016,Capelin,1,9.40E+09,Capelin1_Nums,Ageclass 1
2017,Capelin,1,2.59E+10,Capelin1_Nums,Ageclass 1
2018,Capelin,1,1.03E+10,Capelin1_Nums,Ageclass 1
2019,Capelin,1,8.15E+10,Capelin1_Nums,Ageclass 1
2020,Capelin,1,1.46E+11,Capelin1_Nums,Ageclass 1
