Time,species,Age,numbers,.id,Ageclass,,"##one row for each species/age combination for which yuou have NAA observations. Number of age groups need not match Atlantis, but you would want to combine multiple cohorts into an age class if your Atlantis model does this"
1955,Cod,1,254498000,Cod1_Nums,Ageclass 1,,
1955,Cod,2,186563000,Cod2_Nums,Ageclass 2,,
1955,Cod,3,151953000,Cod3_Nums,Ageclass 3,,
1955,Cod,4,217539000,Cod4_Nums,Ageclass 4,,
1955,Cod,5,211871000,Cod5_Nums,Ageclass 5,,
1955,Cod,6,115461000,Cod6_Nums,Ageclass 6,,
1955,Cod,7,36062000,Cod7_Nums,Ageclass 7,,
1955,Cod,8,24597000,Cod8_Nums,Ageclass 8,,
1955,Cod,9,12976000,Cod9_Nums,Ageclass 9,,
1955,Cod,10,87905000,Cod10_Nums,Ageclass 10,,
1955,Cod,11,9237000,Cod11_Nums,Ageclass 11,,
1955,Cod,12,7845000,Cod12_Nums,Ageclass 12,,
1955,Cod,13,8178000,Cod13_Nums,Ageclass 13,,
1955,Cod,14,2656000,Cod14_Nums,Ageclass 14,,
1956,Cod,1,329342000,Cod1_Nums,Ageclass 1,,
1956,Cod,2,208365000,Cod2_Nums,Ageclass 2,,
1956,Cod,3,152745000,Cod3_Nums,Ageclass 3,,
1956,Cod,4,119527000,Cod4_Nums,Ageclass 4,,
1956,Cod,5,150235000,Cod5_Nums,Ageclass 5,,
1956,Cod,6,134756000,Cod6_Nums,Ageclass 6,,
1956,Cod,7,71884000,Cod7_Nums,Ageclass 7,,
1956,Cod,8,21833000,Cod8_Nums,Ageclass 8,,
1956,Cod,9,14872000,Cod9_Nums,Ageclass 9,,
1956,Cod,10,8014000,Cod10_Nums,Ageclass 10,,
1956,Cod,11,52160000,Cod11_Nums,Ageclass 11,,
1956,Cod,12,5481000,Cod12_Nums,Ageclass 12,,
1956,Cod,13,4727000,Cod13_Nums,Ageclass 13,,
1956,Cod,14,4852000,Cod14_Nums,Ageclass 14,,
1957,Cod,1,431205000,Cod1_Nums,Ageclass 1,,
1957,Cod,2,269643000,Cod2_Nums,Ageclass 2,,
1957,Cod,3,170595000,Cod3_Nums,Ageclass 3,,
1957,Cod,4,118843000,Cod4_Nums,Ageclass 4,,
1957,Cod,5,81564000,Cod5_Nums,Ageclass 5,,
1957,Cod,6,95866000,Cod6_Nums,Ageclass 6,,
1957,Cod,7,85220000,Cod7_Nums,Ageclass 7,,
1957,Cod,8,44060000,Cod8_Nums,Ageclass 8,,
1957,Cod,9,13203000,Cod9_Nums,Ageclass 9,,
1957,Cod,10,9076000,Cod10_Nums,Ageclass 10,,
1957,Cod,11,4668000,Cod11_Nums,Ageclass 11,,
1957,Cod,12,30004000,Cod12_Nums,Ageclass 12,,
1957,Cod,13,3217000,Cod13_Nums,Ageclass 13,,
1957,Cod,14,2782000,Cod14_Nums,Ageclass 14,,
1958,Cod,1,230254000,Cod1_Nums,Ageclass 1,,
1958,Cod,2,353041000,Cod2_Nums,Ageclass 2,,
1958,Cod,3,220765000,Cod3_Nums,Ageclass 3,,
1958,Cod,4,128780000,Cod4_Nums,Ageclass 4,,
1958,Cod,5,78490000,Cod5_Nums,Ageclass 5,,
1958,Cod,6,50796000,Cod6_Nums,Ageclass 6,,
1958,Cod,7,59830000,Cod7_Nums,Ageclass 7,,
1958,Cod,8,51670000,Cod8_Nums,Ageclass 8,,
1958,Cod,9,35182000,Cod9_Nums,Ageclass 9,,
1958,Cod,10,7799000,Cod10_Nums,Ageclass 10,,
1958,Cod,11,5176000,Cod11_Nums,Ageclass 11,,
1958,Cod,12,2661000,Cod12_Nums,Ageclass 12,,
1958,Cod,13,17674000,Cod13_Nums,Ageclass 13,,
1958,Cod,14,1960000,Cod14_Nums,Ageclass 14,,
1959,Cod,1,287828000,Cod1_Nums,Ageclass 1,,
1959,Cod,2,188516000,Cod2_Nums,Ageclass 2,,
1959,Cod,3,289046000,Cod3_Nums,Ageclass 3,,
1959,Cod,4,161218000,Cod4_Nums,Ageclass 4,,
1959,Cod,5,82243000,Cod5_Nums,Ageclass 5,,
1959,Cod,6,47522000,Cod6_Nums,Ageclass 6,,
1959,Cod,7,31103000,Cod7_Nums,Ageclass 7,,
1959,Cod,8,35448000,Cod8_Nums,Ageclass 8,,
1959,Cod,9,51470000,Cod9_Nums,Ageclass 9,,
1959,Cod,10,19371000,Cod10_Nums,Ageclass 10,,
1959,Cod,11,4123000,Cod11_Nums,Ageclass 11,,
1959,Cod,12,2726000,Cod12_Nums,Ageclass 12,,
1959,Cod,13,1486000,Cod13_Nums,Ageclass 13,,
1959,Cod,14,10504000,Cod14_Nums,Ageclass 14,,
1960,Cod,1,192354000,Cod1_Nums,Ageclass 1,,
1960,Cod,2,235654000,Cod2_Nums,Ageclass 2,,
1960,Cod,3,154344000,Cod3_Nums,Ageclass 3,,
1960,Cod,4,216102000,Cod4_Nums,Ageclass 4,,
1960,Cod,5,104535000,Cod5_Nums,Ageclass 5,,
1960,Cod,6,50770000,Cod6_Nums,Ageclass 6,,
1960,Cod,7,30105000,Cod7_Nums,Ageclass 7,,
1960,Cod,8,18889000,Cod8_Nums,Ageclass 8,,
1960,Cod,9,20630000,Cod9_Nums,Ageclass 9,,
1960,Cod,10,37503000,Cod10_Nums,Ageclass 10,,
1960,Cod,11,10652000,Cod11_Nums,Ageclass 11,,
1960,Cod,12,2307000,Cod12_Nums,Ageclass 12,,
1960,Cod,13,1623000,Cod13_Nums,Ageclass 13,,
1960,Cod,14,970000,Cod14_Nums,Ageclass 14,,
1961,Cod,1,264724000,Cod1_Nums,Ageclass 1,,
1961,Cod,2,157486000,Cod2_Nums,Ageclass 2,,
1961,Cod,3,192937000,Cod3_Nums,Ageclass 3,,
1961,Cod,4,114256000,Cod4_Nums,Ageclass 4,,
1961,Cod,5,140124000,Cod5_Nums,Ageclass 5,,
1961,Cod,6,63725000,Cod6_Nums,Ageclass 6,,
1961,Cod,7,31045000,Cod7_Nums,Ageclass 7,,
1961,Cod,8,17577000,Cod8_Nums,Ageclass 8,,
1961,Cod,9,10390000,Cod9_Nums,Ageclass 9,,
1961,Cod,10,11004000,Cod10_Nums,Ageclass 10,,
1961,Cod,11,19076000,Cod11_Nums,Ageclass 11,,
1961,Cod,12,5429000,Cod12_Nums,Ageclass 12,,
1961,Cod,13,1286000,Cod13_Nums,Ageclass 13,,
1961,Cod,14,1016000,Cod14_Nums,Ageclass 14,,
1962,Cod,1,304135000,Cod1_Nums,Ageclass 1,,
1962,Cod,2,216738000,Cod2_Nums,Ageclass 2,,
1962,Cod,3,128939000,Cod3_Nums,Ageclass 3,,
1962,Cod,4,143803000,Cod4_Nums,Ageclass 4,,
1962,Cod,5,74684000,Cod5_Nums,Ageclass 5,,
1962,Cod,6,88501000,Cod6_Nums,Ageclass 6,,
1962,Cod,7,40155000,Cod7_Nums,Ageclass 7,,
1962,Cod,8,18205000,Cod8_Nums,Ageclass 8,,
1962,Cod,9,23590000,Cod9_Nums,Ageclass 9,,
1962,Cod,10,5597000,Cod10_Nums,Ageclass 10,,
1962,Cod,11,5693000,Cod11_Nums,Ageclass 11,,
1962,Cod,12,10065000,Cod12_Nums,Ageclass 12,,
1962,Cod,13,3138000,Cod13_Nums,Ageclass 13,,
1962,Cod,14,841000,Cod14_Nums,Ageclass 14,,
1963,Cod,1,322663000,Cod1_Nums,Ageclass 1,,
1963,Cod,2,249004000,Cod2_Nums,Ageclass 2,,
1963,Cod,3,177450000,Cod3_Nums,Ageclass 3,,
1963,Cod,4,94412000,Cod4_Nums,Ageclass 4,,
1963,Cod,5,91855000,Cod5_Nums,Ageclass 5,,
1963,Cod,6,46126000,Cod6_Nums,Ageclass 6,,
1963,Cod,7,55656000,Cod7_Nums,Ageclass 7,,
1963,Cod,8,23244000,Cod8_Nums,Ageclass 8,,
1963,Cod,9,9752000,Cod9_Nums,Ageclass 9,,
1963,Cod,10,12103000,Cod10_Nums,Ageclass 10,,
1963,Cod,11,2743000,Cod11_Nums,Ageclass 11,,
1963,Cod,12,2863000,Cod12_Nums,Ageclass 12,,
1963,Cod,13,5649000,Cod13_Nums,Ageclass 13,,
1963,Cod,14,2025000,Cod14_Nums,Ageclass 14,,
1964,Cod,1,341754000,Cod1_Nums,Ageclass 1,,
1964,Cod,2,264174000,Cod2_Nums,Ageclass 2,,
1964,Cod,3,203868000,Cod3_Nums,Ageclass 3,,
1964,Cod,4,127600000,Cod4_Nums,Ageclass 4,,
1964,Cod,5,58236000,Cod5_Nums,Ageclass 5,,
1964,Cod,6,54159000,Cod6_Nums,Ageclass 6,,
1964,Cod,7,27720000,Cod7_Nums,Ageclass 7,,
1964,Cod,8,31058000,Cod8_Nums,Ageclass 8,,
1964,Cod,9,11628000,Cod9_Nums,Ageclass 9,,
1964,Cod,10,4437000,Cod10_Nums,Ageclass 10,,
1964,Cod,11,5191000,Cod11_Nums,Ageclass 11,,
1964,Cod,12,1201000,Cod12_Nums,Ageclass 12,,
1964,Cod,13,1477000,Cod13_Nums,Ageclass 13,,
1964,Cod,14,3479000,Cod14_Nums,Ageclass 14,,
1965,Cod,1,477427000,Cod1_Nums,Ageclass 1,,
1965,Cod,2,279805000,Cod2_Nums,Ageclass 2,,
1965,Cod,3,216288000,Cod3_Nums,Ageclass 3,,
1965,Cod,4,147189000,Cod4_Nums,Ageclass 4,,
1965,Cod,5,78139000,Cod5_Nums,Ageclass 5,,
1965,Cod,6,32863000,Cod6_Nums,Ageclass 6,,
1965,Cod,7,30918000,Cod7_Nums,Ageclass 7,,
1965,Cod,8,14692000,Cod8_Nums,Ageclass 8,,
1965,Cod,9,14371000,Cod9_Nums,Ageclass 9,,
1965,Cod,10,4539000,Cod10_Nums,Ageclass 10,,
1965,Cod,11,1615000,Cod11_Nums,Ageclass 11,,
1965,Cod,12,1844000,Cod12_Nums,Ageclass 12,,
1965,Cod,13,535000,Cod13_Nums,Ageclass 13,,
1965,Cod,14,820000,Cod14_Nums,Ageclass 14,,
1966,Cod,1,256271000,Cod1_Nums,Ageclass 1,,
1966,Cod,2,390884000,Cod2_Nums,Ageclass 2,,
1966,Cod,3,229085000,Cod3_Nums,Ageclass 3,,
1966,Cod,4,156966000,Cod4_Nums,Ageclass 4,,
1966,Cod,5,90728000,Cod5_Nums,Ageclass 5,,
1966,Cod,6,43562000,Cod6_Nums,Ageclass 6,,
1966,Cod,7,17987000,Cod7_Nums,Ageclass 7,,
1966,Cod,8,15806000,Cod8_Nums,Ageclass 8,,
1966,Cod,9,6591000,Cod9_Nums,Ageclass 9,,
1966,Cod,10,5592000,Cod10_Nums,Ageclass 10,,
1966,Cod,11,1592000,Cod11_Nums,Ageclass 11,,
1966,Cod,12,549000,Cod12_Nums,Ageclass 12,,
1966,Cod,13,785000,Cod13_Nums,Ageclass 13,,
1966,Cod,14,286000,Cod14_Nums,Ageclass 14,,
1967,Cod,1,368946000,Cod1_Nums,Ageclass 1,,
1967,Cod,2,209817000,Cod2_Nums,Ageclass 2,,
1967,Cod,3,320029000,Cod3_Nums,Ageclass 3,,
1967,Cod,4,170727000,Cod4_Nums,Ageclass 4,,
1967,Cod,5,99750000,Cod5_Nums,Ageclass 5,,
1967,Cod,6,52820000,Cod6_Nums,Ageclass 6,,
1967,Cod,7,24358000,Cod7_Nums,Ageclass 7,,
1967,Cod,8,9014000,Cod8_Nums,Ageclass 8,,
1967,Cod,9,6947000,Cod9_Nums,Ageclass 9,,
1967,Cod,10,2472000,Cod10_Nums,Ageclass 10,,
1967,Cod,11,1832000,Cod11_Nums,Ageclass 11,,
1967,Cod,12,476000,Cod12_Nums,Ageclass 12,,
1967,Cod,13,205000,Cod13_Nums,Ageclass 13,,
1967,Cod,14,377000,Cod14_Nums,Ageclass 14,,
1968,Cod,1,269064000,Cod1_Nums,Ageclass 1,,
1968,Cod,2,302067000,Cod2_Nums,Ageclass 2,,
1968,Cod,3,171783000,Cod3_Nums,Ageclass 3,,
1968,Cod,4,242689000,Cod4_Nums,Ageclass 4,,
1968,Cod,5,111175000,Cod5_Nums,Ageclass 5,,
1968,Cod,6,60314000,Cod6_Nums,Ageclass 6,,
1968,Cod,7,30847000,Cod7_Nums,Ageclass 7,,
1968,Cod,8,12294000,Cod8_Nums,Ageclass 8,,
1968,Cod,9,4011000,Cod9_Nums,Ageclass 9,,
1968,Cod,10,2689000,Cod10_Nums,Ageclass 10,,
1968,Cod,11,841000,Cod11_Nums,Ageclass 11,,
1968,Cod,12,592000,Cod12_Nums,Ageclass 12,,
1968,Cod,13,189000,Cod13_Nums,Ageclass 13,,
1968,Cod,14,106000,Cod14_Nums,Ageclass 14,,
1969,Cod,1,281147000,Cod1_Nums,Ageclass 1,,
1969,Cod,2,220291000,Cod2_Nums,Ageclass 2,,
1969,Cod,3,247312000,Cod3_Nums,Ageclass 3,,
1969,Cod,4,130247000,Cod4_Nums,Ageclass 4,,
1969,Cod,5,155250000,Cod5_Nums,Ageclass 5,,
1969,Cod,6,64664000,Cod6_Nums,Ageclass 6,,
1969,Cod,7,32919000,Cod7_Nums,Ageclass 7,,
1969,Cod,8,41199000,Cod8_Nums,Ageclass 8,,
1969,Cod,9,4680000,Cod9_Nums,Ageclass 9,,
1969,Cod,10,1165000,Cod10_Nums,Ageclass 10,,
1969,Cod,11,662000,Cod11_Nums,Ageclass 11,,
1969,Cod,12,176000,Cod12_Nums,Ageclass 12,,
1969,Cod,13,164000,Cod13_Nums,Ageclass 13,,
1969,Cod,14,73000,Cod14_Nums,Ageclass 14,,
1970,Cod,1,207550000,Cod1_Nums,Ageclass 1,,
1970,Cod,2,230184000,Cod2_Nums,Ageclass 2,,
1970,Cod,3,180359000,Cod3_Nums,Ageclass 3,,
1970,Cod,4,191474000,Cod4_Nums,Ageclass 4,,
1970,Cod,5,84520000,Cod5_Nums,Ageclass 5,,
1970,Cod,6,92058000,Cod6_Nums,Ageclass 6,,
1970,Cod,7,37149000,Cod7_Nums,Ageclass 7,,
1970,Cod,8,32887000,Cod8_Nums,Ageclass 8,,
1970,Cod,9,18347000,Cod9_Nums,Ageclass 9,,
1970,Cod,10,1865000,Cod10_Nums,Ageclass 10,,
1970,Cod,11,412000,Cod11_Nums,Ageclass 11,,
1970,Cod,12,226000,Cod12_Nums,Ageclass 12,,
1970,Cod,13,70000,Cod13_Nums,Ageclass 13,,
1970,Cod,14,85000,Cod14_Nums,Ageclass 14,,
1971,Cod,1,406957000,Cod1_Nums,Ageclass 1,,
1971,Cod,2,169927000,Cod2_Nums,Ageclass 2,,
1971,Cod,3,188459000,Cod3_Nums,Ageclass 3,,
1971,Cod,4,137866000,Cod4_Nums,Ageclass 4,,
1971,Cod,5,119719000,Cod5_Nums,Ageclass 5,,
1971,Cod,6,46889000,Cod6_Nums,Ageclass 6,,
1971,Cod,7,49237000,Cod7_Nums,Ageclass 7,,
1971,Cod,8,17528000,Cod8_Nums,Ageclass 8,,
1971,Cod,9,14051000,Cod9_Nums,Ageclass 9,,
1971,Cod,10,7022000,Cod10_Nums,Ageclass 10,,
1971,Cod,11,626000,Cod11_Nums,Ageclass 11,,
1971,Cod,12,130000,Cod12_Nums,Ageclass 12,,
1971,Cod,13,83000,Cod13_Nums,Ageclass 13,,
1971,Cod,14,34000,Cod14_Nums,Ageclass 14,,
1972,Cod,1,266977000,Cod1_Nums,Ageclass 1,,
1972,Cod,2,333189000,Cod2_Nums,Ageclass 2,,
1972,Cod,3,139125000,Cod3_Nums,Ageclass 3,,
1972,Cod,4,141250000,Cod4_Nums,Ageclass 4,,
1972,Cod,5,82878000,Cod5_Nums,Ageclass 5,,
1972,Cod,6,60755000,Cod6_Nums,Ageclass 6,,
1972,Cod,7,22546000,Cod7_Nums,Ageclass 7,,
1972,Cod,8,21681000,Cod8_Nums,Ageclass 8,,
1972,Cod,9,23278000,Cod9_Nums,Ageclass 9,,
1972,Cod,10,5170000,Cod10_Nums,Ageclass 10,,
1972,Cod,11,2206000,Cod11_Nums,Ageclass 11,,
1972,Cod,12,182000,Cod12_Nums,Ageclass 12,,
1972,Cod,13,44000,Cod13_Nums,Ageclass 13,,
1972,Cod,14,38000,Cod14_Nums,Ageclass 14,,
1973,Cod,1,389143000,Cod1_Nums,Ageclass 1,,
1973,Cod,2,218582000,Cod2_Nums,Ageclass 2,,
1973,Cod,3,272792000,Cod3_Nums,Ageclass 3,,
1973,Cod,4,104345000,Cod4_Nums,Ageclass 4,,
1973,Cod,5,85511000,Cod5_Nums,Ageclass 5,,
1973,Cod,6,42001000,Cod6_Nums,Ageclass 6,,
1973,Cod,7,28598000,Cod7_Nums,Ageclass 7,,
1973,Cod,8,9640000,Cod8_Nums,Ageclass 8,,
1973,Cod,9,8553000,Cod9_Nums,Ageclass 9,,
1973,Cod,10,8631000,Cod10_Nums,Ageclass 10,,
1973,Cod,11,1619000,Cod11_Nums,Ageclass 11,,
1973,Cod,12,623000,Cod12_Nums,Ageclass 12,,
1973,Cod,13,59000,Cod13_Nums,Ageclass 13,,
1973,Cod,14,19000,Cod14_Nums,Ageclass 14,,
1974,Cod,1,548257000,Cod1_Nums,Ageclass 1,,
1974,Cod,2,318604000,Cod2_Nums,Ageclass 2,,
1974,Cod,3,178960000,Cod3_Nums,Ageclass 3,,
1974,Cod,4,198339000,Cod4_Nums,Ageclass 4,,
1974,Cod,5,61996000,Cod5_Nums,Ageclass 5,,
1974,Cod,6,42956000,Cod6_Nums,Ageclass 6,,
1974,Cod,7,19556000,Cod7_Nums,Ageclass 7,,
1974,Cod,8,12008000,Cod8_Nums,Ageclass 8,,
1974,Cod,9,3710000,Cod9_Nums,Ageclass 9,,
1974,Cod,10,3148000,Cod10_Nums,Ageclass 10,,
1974,Cod,11,2719000,Cod11_Nums,Ageclass 11,,
1974,Cod,12,466000,Cod12_Nums,Ageclass 12,,
1974,Cod,13,205000,Cod13_Nums,Ageclass 13,,
1974,Cod,14,26000,Cod14_Nums,Ageclass 14,,
1975,Cod,1,214317000,Cod1_Nums,Ageclass 1,,
1975,Cod,2,448875000,Cod2_Nums,Ageclass 2,,
1975,Cod,3,260851000,Cod3_Nums,Ageclass 3,,
1975,Cod,4,130828000,Cod4_Nums,Ageclass 4,,
1975,Cod,5,117381000,Cod5_Nums,Ageclass 5,,
1975,Cod,6,30819000,Cod6_Nums,Ageclass 6,,
1975,Cod,7,19786000,Cod7_Nums,Ageclass 7,,
1975,Cod,8,7955000,Cod8_Nums,Ageclass 8,,
1975,Cod,9,4276000,Cod9_Nums,Ageclass 9,,
1975,Cod,10,1208000,Cod10_Nums,Ageclass 10,,
1975,Cod,11,894000,Cod11_Nums,Ageclass 11,,
1975,Cod,12,680000,Cod12_Nums,Ageclass 12,,
1975,Cod,13,134000,Cod13_Nums,Ageclass 13,,
1975,Cod,14,82000,Cod14_Nums,Ageclass 14,,
1976,Cod,1,337771000,Cod1_Nums,Ageclass 1,,
1976,Cod,2,175468000,Cod2_Nums,Ageclass 2,,
1976,Cod,3,367508000,Cod3_Nums,Ageclass 3,,
1976,Cod,4,191672000,Cod4_Nums,Ageclass 4,,
1976,Cod,5,78596000,Cod5_Nums,Ageclass 5,,
1976,Cod,6,58158000,Cod6_Nums,Ageclass 6,,
1976,Cod,7,13831000,Cod7_Nums,Ageclass 7,,
1976,Cod,8,7864000,Cod8_Nums,Ageclass 8,,
1976,Cod,9,2684000,Cod9_Nums,Ageclass 9,,
1976,Cod,10,1255000,Cod10_Nums,Ageclass 10,,
1976,Cod,11,318000,Cod11_Nums,Ageclass 11,,
1976,Cod,12,207000,Cod12_Nums,Ageclass 12,,
1976,Cod,13,181000,Cod13_Nums,Ageclass 13,,
1976,Cod,14,50000,Cod14_Nums,Ageclass 14,,
1977,Cod,1,366321000,Cod1_Nums,Ageclass 1,,
1977,Cod,2,276544000,Cod2_Nums,Ageclass 2,,
1977,Cod,3,143661000,Cod3_Nums,Ageclass 3,,
1977,Cod,4,281595000,Cod4_Nums,Ageclass 4,,
1977,Cod,5,121224000,Cod5_Nums,Ageclass 5,,
1977,Cod,6,41952000,Cod6_Nums,Ageclass 6,,
1977,Cod,7,27409000,Cod7_Nums,Ageclass 7,,
1977,Cod,8,5646000,Cod8_Nums,Ageclass 8,,
1977,Cod,9,2737000,Cod9_Nums,Ageclass 9,,
1977,Cod,10,846000,Cod10_Nums,Ageclass 10,,
1977,Cod,11,371000,Cod11_Nums,Ageclass 11,,
1977,Cod,12,89000,Cod12_Nums,Ageclass 12,,
1977,Cod,13,64000,Cod13_Nums,Ageclass 13,,
1977,Cod,14,75000,Cod14_Nums,Ageclass 14,,
1978,Cod,1,207762000,Cod1_Nums,Ageclass 1,,
1978,Cod,2,299918000,Cod2_Nums,Ageclass 2,,
1978,Cod,3,226415000,Cod3_Nums,Ageclass 3,,
1978,Cod,4,114096000,Cod4_Nums,Ageclass 4,,
1978,Cod,5,189675000,Cod5_Nums,Ageclass 5,,
1978,Cod,6,71393000,Cod6_Nums,Ageclass 6,,
1978,Cod,7,22378000,Cod7_Nums,Ageclass 7,,
1978,Cod,8,12193000,Cod8_Nums,Ageclass 8,,
1978,Cod,9,2241000,Cod9_Nums,Ageclass 9,,
1978,Cod,10,1076000,Cod10_Nums,Ageclass 10,,
1978,Cod,11,328000,Cod11_Nums,Ageclass 11,,
1978,Cod,12,149000,Cod12_Nums,Ageclass 12,,
1978,Cod,13,38000,Cod13_Nums,Ageclass 13,,
1978,Cod,14,34000,Cod14_Nums,Ageclass 14,,
1979,Cod,1,209096000,Cod1_Nums,Ageclass 1,,
1979,Cod,2,170101000,Cod2_Nums,Ageclass 2,,
1979,Cod,3,245552000,Cod3_Nums,Ageclass 3,,
1979,Cod,4,180387000,Cod4_Nums,Ageclass 4,,
1979,Cod,5,78507000,Cod5_Nums,Ageclass 5,,
1979,Cod,6,117229000,Cod6_Nums,Ageclass 6,,
1979,Cod,7,41011000,Cod7_Nums,Ageclass 7,,
1979,Cod,8,10835000,Cod8_Nums,Ageclass 8,,
1979,Cod,9,5452000,Cod9_Nums,Ageclass 9,,
1979,Cod,10,1057000,Cod10_Nums,Ageclass 10,,
1979,Cod,11,505000,Cod11_Nums,Ageclass 11,,
1979,Cod,12,164000,Cod12_Nums,Ageclass 12,,
1979,Cod,13,77000,Cod13_Nums,Ageclass 13,,
1979,Cod,14,23000,Cod14_Nums,Ageclass 14,,
1980,Cod,1,196797000,Cod1_Nums,Ageclass 1,,
1980,Cod,2,171193000,Cod2_Nums,Ageclass 2,,
1980,Cod,3,139267000,Cod3_Nums,Ageclass 3,,
1980,Cod,4,195459000,Cod4_Nums,Ageclass 4,,
1980,Cod,5,124530000,Cod5_Nums,Ageclass 5,,
1980,Cod,6,48873000,Cod6_Nums,Ageclass 6,,
1980,Cod,7,71975000,Cod7_Nums,Ageclass 7,,
1980,Cod,8,20324000,Cod8_Nums,Ageclass 8,,
1980,Cod,9,5025000,Cod9_Nums,Ageclass 9,,
1980,Cod,10,2709000,Cod10_Nums,Ageclass 10,,
1980,Cod,11,527000,Cod11_Nums,Ageclass 11,,
1980,Cod,12,270000,Cod12_Nums,Ageclass 12,,
1980,Cod,13,90000,Cod13_Nums,Ageclass 13,,
1980,Cod,14,49000,Cod14_Nums,Ageclass 14,,
1981,Cod,1,345304000,Cod1_Nums,Ageclass 1,,
1981,Cod,2,161124000,Cod2_Nums,Ageclass 2,,
1981,Cod,3,140161000,Cod3_Nums,Ageclass 3,,
1981,Cod,4,110863000,Cod4_Nums,Ageclass 4,,
1981,Cod,5,134398000,Cod5_Nums,Ageclass 5,,
1981,Cod,6,75136000,Cod6_Nums,Ageclass 6,,
1981,Cod,7,27233000,Cod7_Nums,Ageclass 7,,
1981,Cod,8,45879000,Cod8_Nums,Ageclass 8,,
1981,Cod,9,8943000,Cod9_Nums,Ageclass 9,,
1981,Cod,10,2349000,Cod10_Nums,Ageclass 10,,
1981,Cod,11,1278000,Cod11_Nums,Ageclass 11,,
1981,Cod,12,268000,Cod12_Nums,Ageclass 12,,
1981,Cod,13,140000,Cod13_Nums,Ageclass 13,,
1981,Cod,14,54000,Cod14_Nums,Ageclass 14,,
1982,Cod,1,206927000,Cod1_Nums,Ageclass 1,,
1982,Cod,2,282711000,Cod2_Nums,Ageclass 2,,
1982,Cod,3,131917000,Cod3_Nums,Ageclass 3,,
1982,Cod,4,112168000,Cod4_Nums,Ageclass 4,,
1982,Cod,5,76107000,Cod5_Nums,Ageclass 5,,
1982,Cod,6,77303000,Cod6_Nums,Ageclass 6,,
1982,Cod,7,37725000,Cod7_Nums,Ageclass 7,,
1982,Cod,8,11658000,Cod8_Nums,Ageclass 8,,
1982,Cod,9,16464000,Cod9_Nums,Ageclass 9,,
1982,Cod,10,3090000,Cod10_Nums,Ageclass 10,,
1982,Cod,11,836000,Cod11_Nums,Ageclass 11,,
1982,Cod,12,483000,Cod12_Nums,Ageclass 12,,
1982,Cod,13,106000,Cod13_Nums,Ageclass 13,,
1982,Cod,14,66000,Cod14_Nums,Ageclass 14,,
1983,Cod,1,211708000,Cod1_Nums,Ageclass 1,,
1983,Cod,2,169417000,Cod2_Nums,Ageclass 2,,
1983,Cod,3,231464000,Cod3_Nums,Ageclass 3,,
1983,Cod,4,105059000,Cod4_Nums,Ageclass 4,,
1983,Cod,5,75762000,Cod5_Nums,Ageclass 5,,
1983,Cod,6,41974000,Cod6_Nums,Ageclass 6,,
1983,Cod,7,36223000,Cod7_Nums,Ageclass 7,,
1983,Cod,8,15342000,Cod8_Nums,Ageclass 8,,
1983,Cod,9,3863000,Cod9_Nums,Ageclass 9,,
1983,Cod,10,5060000,Cod10_Nums,Ageclass 10,,
1983,Cod,11,1035000,Cod11_Nums,Ageclass 11,,
1983,Cod,12,315000,Cod12_Nums,Ageclass 12,,
1983,Cod,13,194000,Cod13_Nums,Ageclass 13,,
1983,Cod,14,50000,Cod14_Nums,Ageclass 14,,
1984,Cod,1,495641000,Cod1_Nums,Ageclass 1,,
1984,Cod,2,173332000,Cod2_Nums,Ageclass 2,,
1984,Cod,3,138707000,Cod3_Nums,Ageclass 3,,
1984,Cod,4,185103000,Cod4_Nums,Ageclass 4,,
1984,Cod,5,71944000,Cod5_Nums,Ageclass 5,,
1984,Cod,6,42527000,Cod6_Nums,Ageclass 6,,
1984,Cod,7,19714000,Cod7_Nums,Ageclass 7,,
1984,Cod,8,14646000,Cod8_Nums,Ageclass 8,,
1984,Cod,9,5175000,Cod9_Nums,Ageclass 9,,
1984,Cod,10,1242000,Cod10_Nums,Ageclass 10,,
1984,Cod,11,1711000,Cod11_Nums,Ageclass 11,,
1984,Cod,12,390000,Cod12_Nums,Ageclass 12,,
1984,Cod,13,125000,Cod13_Nums,Ageclass 13,,
1984,Cod,14,89000,Cod14_Nums,Ageclass 14,,
1985,Cod,1,387806000,Cod1_Nums,Ageclass 1,,
1985,Cod,2,405796000,Cod2_Nums,Ageclass 2,,
1985,Cod,3,141912000,Cod3_Nums,Ageclass 3,,
1985,Cod,4,109257000,Cod4_Nums,Ageclass 4,,
1985,Cod,5,123987000,Cod5_Nums,Ageclass 5,,
1985,Cod,6,40328000,Cod6_Nums,Ageclass 6,,
1985,Cod,7,20430000,Cod7_Nums,Ageclass 7,,
1985,Cod,8,8210000,Cod8_Nums,Ageclass 8,,
1985,Cod,9,5334000,Cod9_Nums,Ageclass 9,,
1985,Cod,10,1963000,Cod10_Nums,Ageclass 10,,
1985,Cod,11,490000,Cod11_Nums,Ageclass 11,,
1985,Cod,12,740000,Cod12_Nums,Ageclass 12,,
1985,Cod,13,173000,Cod13_Nums,Ageclass 13,,
1985,Cod,14,63000,Cod14_Nums,Ageclass 14,,
1986,Cod,1,257718000,Cod1_Nums,Ageclass 1,,
1986,Cod,2,317508000,Cod2_Nums,Ageclass 2,,
1986,Cod,3,332238000,Cod3_Nums,Ageclass 3,,
1986,Cod,4,110544000,Cod4_Nums,Ageclass 4,,
1986,Cod,5,71082000,Cod5_Nums,Ageclass 5,,
1986,Cod,6,66483000,Cod6_Nums,Ageclass 6,,
1986,Cod,7,18487000,Cod7_Nums,Ageclass 7,,
1986,Cod,8,8181000,Cod8_Nums,Ageclass 8,,
1986,Cod,9,2917000,Cod9_Nums,Ageclass 9,,
1986,Cod,10,2018000,Cod10_Nums,Ageclass 10,,
1986,Cod,11,786000,Cod11_Nums,Ageclass 11,,
1986,Cod,12,215000,Cod12_Nums,Ageclass 12,,
1986,Cod,13,329000,Cod13_Nums,Ageclass 13,,
1986,Cod,14,86000,Cod14_Nums,Ageclass 14,,
1987,Cod,1,132478000,Cod1_Nums,Ageclass 1,,
1987,Cod,2,211001000,Cod2_Nums,Ageclass 2,,
1987,Cod,3,259954000,Cod3_Nums,Ageclass 3,,
1987,Cod,4,255880000,Cod4_Nums,Ageclass 4,,
1987,Cod,5,69720000,Cod5_Nums,Ageclass 5,,
1987,Cod,6,34727000,Cod6_Nums,Ageclass 6,,
1987,Cod,7,26549000,Cod7_Nums,Ageclass 7,,
1987,Cod,8,6625000,Cod8_Nums,Ageclass 8,,
1987,Cod,9,2574000,Cod9_Nums,Ageclass 9,,
1987,Cod,10,990000,Cod10_Nums,Ageclass 10,,
1987,Cod,11,761000,Cod11_Nums,Ageclass 11,,
1987,Cod,12,326000,Cod12_Nums,Ageclass 12,,
1987,Cod,13,91000,Cod13_Nums,Ageclass 13,,
1987,Cod,14,156000,Cod14_Nums,Ageclass 14,,
1988,Cod,1,193819000,Cod1_Nums,Ageclass 1,,
1988,Cod,2,108464000,Cod2_Nums,Ageclass 2,,
1988,Cod,3,172753000,Cod3_Nums,Ageclass 3,,
1988,Cod,4,201348000,Cod4_Nums,Ageclass 4,,
1988,Cod,5,159729000,Cod5_Nums,Ageclass 5,,
1988,Cod,6,32849000,Cod6_Nums,Ageclass 6,,
1988,Cod,7,12537000,Cod7_Nums,Ageclass 7,,
1988,Cod,8,8762000,Cod8_Nums,Ageclass 8,,
1988,Cod,9,1875000,Cod9_Nums,Ageclass 9,,
1988,Cod,10,777000,Cod10_Nums,Ageclass 10,,
1988,Cod,11,346000,Cod11_Nums,Ageclass 11,,
1988,Cod,12,293000,Cod12_Nums,Ageclass 12,,
1988,Cod,13,129000,Cod13_Nums,Ageclass 13,,
1988,Cod,14,40000,Cod14_Nums,Ageclass 14,,
1989,Cod,1,159689000,Cod1_Nums,Ageclass 1,,
1989,Cod,2,158686000,Cod2_Nums,Ageclass 2,,
1989,Cod,3,88802000,Cod3_Nums,Ageclass 3,,
1989,Cod,4,134894000,Cod4_Nums,Ageclass 4,,
1989,Cod,5,127305000,Cod5_Nums,Ageclass 5,,
1989,Cod,6,77474000,Cod6_Nums,Ageclass 6,,
1989,Cod,7,12120000,Cod7_Nums,Ageclass 7,,
1989,Cod,8,4071000,Cod8_Nums,Ageclass 8,,
1989,Cod,9,2365000,Cod9_Nums,Ageclass 9,,
1989,Cod,10,517000,Cod10_Nums,Ageclass 10,,
1989,Cod,11,247000,Cod11_Nums,Ageclass 11,,
1989,Cod,12,117000,Cod12_Nums,Ageclass 12,,
1989,Cod,13,101000,Cod13_Nums,Ageclass 13,,
1989,Cod,14,48000,Cod14_Nums,Ageclass 14,,
1990,Cod,1,259918000,Cod1_Nums,Ageclass 1,,
1990,Cod,2,130742000,Cod2_Nums,Ageclass 2,,
1990,Cod,3,129921000,Cod3_Nums,Ageclass 3,,
1990,Cod,4,69800000,Cod4_Nums,Ageclass 4,,
1990,Cod,5,86693000,Cod5_Nums,Ageclass 5,,
1990,Cod,6,100745000,Cod6_Nums,Ageclass 6,,
1990,Cod,7,32894000,Cod7_Nums,Ageclass 7,,
1990,Cod,8,4476000,Cod8_Nums,Ageclass 8,,
1990,Cod,9,1356000,Cod9_Nums,Ageclass 9,,
1990,Cod,10,866000,Cod10_Nums,Ageclass 10,,
1990,Cod,11,205000,Cod11_Nums,Ageclass 11,,
1990,Cod,12,105000,Cod12_Nums,Ageclass 12,,
1990,Cod,13,50000,Cod13_Nums,Ageclass 13,,
1990,Cod,14,48000,Cod14_Nums,Ageclass 14,,
1991,Cod,1,203019000,Cod1_Nums,Ageclass 1,,
1991,Cod,2,212803000,Cod2_Nums,Ageclass 2,,
1991,Cod,3,107043000,Cod3_Nums,Ageclass 3,,
1991,Cod,4,101153000,Cod4_Nums,Ageclass 4,,
1991,Cod,5,44491000,Cod5_Nums,Ageclass 5,,
1991,Cod,6,44353000,Cod6_Nums,Ageclass 6,,
1991,Cod,7,42478000,Cod7_Nums,Ageclass 7,,
1991,Cod,8,12233000,Cod8_Nums,Ageclass 8,,
1991,Cod,9,1554000,Cod9_Nums,Ageclass 9,,
1991,Cod,10,525000,Cod10_Nums,Ageclass 10,,
1991,Cod,11,358000,Cod11_Nums,Ageclass 11,,
1991,Cod,12,91000,Cod12_Nums,Ageclass 12,,
1991,Cod,13,47000,Cod13_Nums,Ageclass 13,,
1991,Cod,14,25000,Cod14_Nums,Ageclass 14,,
1992,Cod,1,117757000,Cod1_Nums,Ageclass 1,,
1992,Cod,2,166218000,Cod2_Nums,Ageclass 2,,
1992,Cod,3,174228000,Cod3_Nums,Ageclass 3,,
1992,Cod,4,80440000,Cod4_Nums,Ageclass 4,,
1992,Cod,5,61257000,Cod5_Nums,Ageclass 5,,
1992,Cod,6,20758000,Cod6_Nums,Ageclass 6,,
1992,Cod,7,16126000,Cod7_Nums,Ageclass 7,,
1992,Cod,8,14371000,Cod8_Nums,Ageclass 8,,
1992,Cod,9,3895000,Cod9_Nums,Ageclass 9,,
1992,Cod,10,553000,Cod10_Nums,Ageclass 10,,
1992,Cod,11,202000,Cod11_Nums,Ageclass 11,,
1992,Cod,12,146000,Cod12_Nums,Ageclass 12,,
1992,Cod,13,38000,Cod13_Nums,Ageclass 13,,
1992,Cod,14,21000,Cod14_Nums,Ageclass 14,,
1993,Cod,1,226738000,Cod1_Nums,Ageclass 1,,
1993,Cod,2,96411000,Cod2_Nums,Ageclass 2,,
1993,Cod,3,136088000,Cod3_Nums,Ageclass 3,,
1993,Cod,4,128699000,Cod4_Nums,Ageclass 4,,
1993,Cod,5,47800000,Cod5_Nums,Ageclass 5,,
1993,Cod,6,27608000,Cod6_Nums,Ageclass 6,,
1993,Cod,7,7132000,Cod7_Nums,Ageclass 7,,
1993,Cod,8,5230000,Cod8_Nums,Ageclass 8,,
1993,Cod,9,4319000,Cod9_Nums,Ageclass 9,,
1993,Cod,10,1323000,Cod10_Nums,Ageclass 10,,
1993,Cod,11,207000,Cod11_Nums,Ageclass 11,,
1993,Cod,12,81000,Cod12_Nums,Ageclass 12,,
1993,Cod,13,60000,Cod13_Nums,Ageclass 13,,
1993,Cod,14,17000,Cod14_Nums,Ageclass 14,,
1994,Cod,1,245106000,Cod1_Nums,Ageclass 1,,
1994,Cod,2,185637000,Cod2_Nums,Ageclass 2,,
1994,Cod,3,78935000,Cod3_Nums,Ageclass 3,,
1994,Cod,4,97004000,Cod4_Nums,Ageclass 4,,
1994,Cod,5,76938000,Cod5_Nums,Ageclass 5,,
1994,Cod,6,22467000,Cod6_Nums,Ageclass 6,,
1994,Cod,7,10073000,Cod7_Nums,Ageclass 7,,
1994,Cod,8,2391000,Cod8_Nums,Ageclass 8,,
1994,Cod,9,1519000,Cod9_Nums,Ageclass 9,,
1994,Cod,10,1283000,Cod10_Nums,Ageclass 10,,
1994,Cod,11,438000,Cod11_Nums,Ageclass 11,,
1994,Cod,12,72000,Cod12_Nums,Ageclass 12,,
1994,Cod,13,29000,Cod13_Nums,Ageclass 13,,
1994,Cod,14,23000,Cod14_Nums,Ageclass 14,,
1995,Cod,1,132429000,Cod1_Nums,Ageclass 1,,
1995,Cod,2,200676000,Cod2_Nums,Ageclass 2,,
1995,Cod,3,151987000,Cod3_Nums,Ageclass 3,,
1995,Cod,4,59175000,Cod4_Nums,Ageclass 4,,
1995,Cod,5,62339000,Cod5_Nums,Ageclass 5,,
1995,Cod,6,42826000,Cod6_Nums,Ageclass 6,,
1995,Cod,7,10756000,Cod7_Nums,Ageclass 7,,
1995,Cod,8,4166000,Cod8_Nums,Ageclass 8,,
1995,Cod,9,904000,Cod9_Nums,Ageclass 9,,
1995,Cod,10,606000,Cod10_Nums,Ageclass 10,,
1995,Cod,11,531000,Cod11_Nums,Ageclass 11,,
1995,Cod,12,194000,Cod12_Nums,Ageclass 12,,
1995,Cod,13,32000,Cod13_Nums,Ageclass 13,,
1995,Cod,14,14000,Cod14_Nums,Ageclass 14,,
1996,Cod,1,237608000,Cod1_Nums,Ageclass 1,,
1996,Cod,2,108423000,Cod2_Nums,Ageclass 2,,
1996,Cod,3,164299000,Cod3_Nums,Ageclass 3,,
1996,Cod,4,117038000,Cod4_Nums,Ageclass 4,,
1996,Cod,5,39855000,Cod5_Nums,Ageclass 5,,
1996,Cod,6,37120000,Cod6_Nums,Ageclass 6,,
1996,Cod,7,22890000,Cod7_Nums,Ageclass 7,,
1996,Cod,8,4956000,Cod8_Nums,Ageclass 8,,
1996,Cod,9,1813000,Cod9_Nums,Ageclass 9,,
1996,Cod,10,422000,Cod10_Nums,Ageclass 10,,
1996,Cod,11,282000,Cod11_Nums,Ageclass 11,,
1996,Cod,12,263000,Cod12_Nums,Ageclass 12,,
1996,Cod,13,96000,Cod13_Nums,Ageclass 13,,
1996,Cod,14,17000,Cod14_Nums,Ageclass 14,,
1997,Cod,1,106767000,Cod1_Nums,Ageclass 1,,
1997,Cod,2,194537000,Cod2_Nums,Ageclass 2,,
1997,Cod,3,88770000,Cod3_Nums,Ageclass 3,,
1997,Cod,4,129740000,Cod4_Nums,Ageclass 4,,
1997,Cod,5,81650000,Cod5_Nums,Ageclass 5,,
1997,Cod,6,24653000,Cod6_Nums,Ageclass 6,,
1997,Cod,7,20123000,Cod7_Nums,Ageclass 7,,
1997,Cod,8,10676000,Cod8_Nums,Ageclass 8,,
1997,Cod,9,2161000,Cod9_Nums,Ageclass 9,,
1997,Cod,10,828000,Cod10_Nums,Ageclass 10,,
1997,Cod,11,191000,Cod11_Nums,Ageclass 11,,
1997,Cod,12,135000,Cod12_Nums,Ageclass 12,,
1997,Cod,13,128000,Cod13_Nums,Ageclass 13,,
1997,Cod,14,50000,Cod14_Nums,Ageclass 14,,
1998,Cod,1,251130000,Cod1_Nums,Ageclass 1,,
1998,Cod,2,87413000,Cod2_Nums,Ageclass 2,,
1998,Cod,3,159273000,Cod3_Nums,Ageclass 3,,
1998,Cod,4,70845000,Cod4_Nums,Ageclass 4,,
1998,Cod,5,91927000,Cod5_Nums,Ageclass 5,,
1998,Cod,6,50868000,Cod6_Nums,Ageclass 6,,
1998,Cod,7,13262000,Cod7_Nums,Ageclass 7,,
1998,Cod,8,9178000,Cod8_Nums,Ageclass 8,,
1998,Cod,9,4457000,Cod9_Nums,Ageclass 9,,
1998,Cod,10,912000,Cod10_Nums,Ageclass 10,,
1998,Cod,11,344000,Cod11_Nums,Ageclass 11,,
1998,Cod,12,84000,Cod12_Nums,Ageclass 12,,
1998,Cod,13,61000,Cod13_Nums,Ageclass 13,,
1998,Cod,14,61000,Cod14_Nums,Ageclass 14,,
1999,Cod,1,236632000,Cod1_Nums,Ageclass 1,,
1999,Cod,2,205608000,Cod2_Nums,Ageclass 2,,
1999,Cod,3,71568000,Cod3_Nums,Ageclass 3,,
1999,Cod,4,126699000,Cod4_Nums,Ageclass 4,,
1999,Cod,5,49782000,Cod5_Nums,Ageclass 5,,
1999,Cod,6,54380000,Cod6_Nums,Ageclass 6,,
1999,Cod,7,24865000,Cod7_Nums,Ageclass 7,,
1999,Cod,8,5604000,Cod8_Nums,Ageclass 8,,
1999,Cod,9,3457000,Cod9_Nums,Ageclass 9,,
1999,Cod,10,1619000,Cod10_Nums,Ageclass 10,,
1999,Cod,11,330000,Cod11_Nums,Ageclass 11,,
1999,Cod,12,129000,Cod12_Nums,Ageclass 12,,
1999,Cod,13,32000,Cod13_Nums,Ageclass 13,,
1999,Cod,14,25000,Cod14_Nums,Ageclass 14,,
2000,Cod,1,232883000,Cod1_Nums,Ageclass 1,,
2000,Cod,2,193738000,Cod2_Nums,Ageclass 2,,
2000,Cod,3,168337000,Cod3_Nums,Ageclass 3,,
2000,Cod,4,56040000,Cod4_Nums,Ageclass 4,,
2000,Cod,5,87095000,Cod5_Nums,Ageclass 5,,
2000,Cod,6,27793000,Cod6_Nums,Ageclass 6,,
2000,Cod,7,23645000,Cod7_Nums,Ageclass 7,,
2000,Cod,8,9768000,Cod8_Nums,Ageclass 8,,
2000,Cod,9,1969000,Cod9_Nums,Ageclass 9,,
2000,Cod,10,1166000,Cod10_Nums,Ageclass 10,,
2000,Cod,11,555000,Cod11_Nums,Ageclass 11,,
2000,Cod,12,118000,Cod12_Nums,Ageclass 12,,
2000,Cod,13,48000,Cod13_Nums,Ageclass 13,,
2000,Cod,14,13000,Cod14_Nums,Ageclass 14,,
2001,Cod,1,255761000,Cod1_Nums,Ageclass 1,,
2001,Cod,2,190668000,Cod2_Nums,Ageclass 2,,
2001,Cod,3,158619000,Cod3_Nums,Ageclass 3,,
2001,Cod,4,129830000,Cod4_Nums,Ageclass 4,,
2001,Cod,5,38344000,Cod5_Nums,Ageclass 5,,
2001,Cod,6,48720000,Cod6_Nums,Ageclass 6,,
2001,Cod,7,12393000,Cod7_Nums,Ageclass 7,,
2001,Cod,8,9331000,Cod8_Nums,Ageclass 8,,
2001,Cod,9,3410000,Cod9_Nums,Ageclass 9,,
2001,Cod,10,657000,Cod10_Nums,Ageclass 10,,
2001,Cod,11,391000,Cod11_Nums,Ageclass 11,,
2001,Cod,12,193000,Cod12_Nums,Ageclass 12,,
2001,Cod,13,43000,Cod13_Nums,Ageclass 13,,
2001,Cod,14,18000,Cod14_Nums,Ageclass 14,,
2002,Cod,1,119696000,Cod1_Nums,Ageclass 1,,
2002,Cod,2,209400000,Cod2_Nums,Ageclass 2,,
2002,Cod,3,156106000,Cod3_Nums,Ageclass 3,,
2002,Cod,4,120501000,Cod4_Nums,Ageclass 4,,
2002,Cod,5,87868000,Cod5_Nums,Ageclass 5,,
2002,Cod,6,21518000,Cod6_Nums,Ageclass 6,,
2002,Cod,7,22447000,Cod7_Nums,Ageclass 7,,
2002,Cod,8,5094000,Cod8_Nums,Ageclass 8,,
2002,Cod,9,3324000,Cod9_Nums,Ageclass 9,,
2002,Cod,10,1102000,Cod10_Nums,Ageclass 10,,
2002,Cod,11,210000,Cod11_Nums,Ageclass 11,,
2002,Cod,12,128000,Cod12_Nums,Ageclass 12,,
2002,Cod,13,66000,Cod13_Nums,Ageclass 13,,
2002,Cod,14,14000,Cod14_Nums,Ageclass 14,,
2003,Cod,1,219384000,Cod1_Nums,Ageclass 1,,
2003,Cod,2,97999000,Cod2_Nums,Ageclass 2,,
2003,Cod,3,171442000,Cod3_Nums,Ageclass 3,,
2003,Cod,4,121905000,Cod4_Nums,Ageclass 4,,
2003,Cod,5,83704000,Cod5_Nums,Ageclass 5,,
2003,Cod,6,51493000,Cod6_Nums,Ageclass 6,,
2003,Cod,7,10835000,Cod7_Nums,Ageclass 7,,
2003,Cod,8,10058000,Cod8_Nums,Ageclass 8,,
2003,Cod,9,2028000,Cod9_Nums,Ageclass 9,,
2003,Cod,10,1211000,Cod10_Nums,Ageclass 10,,
2003,Cod,11,387000,Cod11_Nums,Ageclass 11,,
2003,Cod,12,76000,Cod12_Nums,Ageclass 12,,
2003,Cod,13,48000,Cod13_Nums,Ageclass 13,,
2003,Cod,14,25000,Cod14_Nums,Ageclass 14,,
2004,Cod,1,195646000,Cod1_Nums,Ageclass 1,,
2004,Cod,2,179617000,Cod2_Nums,Ageclass 2,,
2004,Cod,3,80235000,Cod3_Nums,Ageclass 3,,
2004,Cod,4,135160000,Cod4_Nums,Ageclass 4,,
2004,Cod,5,85712000,Cod5_Nums,Ageclass 5,,
2004,Cod,6,49322000,Cod6_Nums,Ageclass 6,,
2004,Cod,7,25745000,Cod7_Nums,Ageclass 7,,
2004,Cod,8,4953000,Cod8_Nums,Ageclass 8,,
2004,Cod,9,4144000,Cod9_Nums,Ageclass 9,,
2004,Cod,10,785000,Cod10_Nums,Ageclass 10,,
2004,Cod,11,450000,Cod11_Nums,Ageclass 11,,
2004,Cod,12,148000,Cod12_Nums,Ageclass 12,,
2004,Cod,13,29000,Cod13_Nums,Ageclass 13,,
2004,Cod,14,19000,Cod14_Nums,Ageclass 14,,
2005,Cod,1,145666000,Cod1_Nums,Ageclass 1,,
2005,Cod,2,160181000,Cod2_Nums,Ageclass 2,,
2005,Cod,3,147058000,Cod3_Nums,Ageclass 3,,
2005,Cod,4,63551000,Cod4_Nums,Ageclass 4,,
2005,Cod,5,95830000,Cod5_Nums,Ageclass 5,,
2005,Cod,6,50610000,Cod6_Nums,Ageclass 6,,
2005,Cod,7,23922000,Cod7_Nums,Ageclass 7,,
2005,Cod,8,11641000,Cod8_Nums,Ageclass 8,,
2005,Cod,9,2014000,Cod9_Nums,Ageclass 9,,
2005,Cod,10,1576000,Cod10_Nums,Ageclass 10,,
2005,Cod,11,288000,Cod11_Nums,Ageclass 11,,
2005,Cod,12,168000,Cod12_Nums,Ageclass 12,,
2005,Cod,13,56000,Cod13_Nums,Ageclass 13,,
2005,Cod,14,11000,Cod14_Nums,Ageclass 14,,
2006,Cod,1,186325000,Cod1_Nums,Ageclass 1,,
2006,Cod,2,119261000,Cod2_Nums,Ageclass 2,,
2006,Cod,3,131145000,Cod3_Nums,Ageclass 3,,
2006,Cod,4,116487000,Cod4_Nums,Ageclass 4,,
2006,Cod,5,45706000,Cod5_Nums,Ageclass 5,,
2006,Cod,6,58370000,Cod6_Nums,Ageclass 6,,
2006,Cod,7,25511000,Cod7_Nums,Ageclass 7,,
2006,Cod,8,11129000,Cod8_Nums,Ageclass 8,,
2006,Cod,9,4863000,Cod9_Nums,Ageclass 9,,
2006,Cod,10,793000,Cod10_Nums,Ageclass 10,,
2006,Cod,11,594000,Cod11_Nums,Ageclass 11,,
2006,Cod,12,109000,Cod12_Nums,Ageclass 12,,
2006,Cod,13,64000,Cod13_Nums,Ageclass 13,,
2006,Cod,14,21000,Cod14_Nums,Ageclass 14,,
2007,Cod,1,174269000,Cod1_Nums,Ageclass 1,,
2007,Cod,2,152550000,Cod2_Nums,Ageclass 2,,
2007,Cod,3,97643000,Cod3_Nums,Ageclass 3,,
2007,Cod,4,104054000,Cod4_Nums,Ageclass 4,,
2007,Cod,5,84220000,Cod5_Nums,Ageclass 5,,
2007,Cod,6,28459000,Cod6_Nums,Ageclass 6,,
2007,Cod,7,29665000,Cod7_Nums,Ageclass 7,,
2007,Cod,8,11958000,Cod8_Nums,Ageclass 8,,
2007,Cod,9,4634000,Cod9_Nums,Ageclass 9,,
2007,Cod,10,1898000,Cod10_Nums,Ageclass 10,,
2007,Cod,11,303000,Cod11_Nums,Ageclass 11,,
2007,Cod,12,227000,Cod12_Nums,Ageclass 12,,
2007,Cod,13,42000,Cod13_Nums,Ageclass 13,,
2007,Cod,14,25000,Cod14_Nums,Ageclass 14,,
2008,Cod,1,189789000,Cod1_Nums,Ageclass 1,,
2008,Cod,2,142679000,Cod2_Nums,Ageclass 2,,
2008,Cod,3,124897000,Cod3_Nums,Ageclass 3,,
2008,Cod,4,77747000,Cod4_Nums,Ageclass 4,,
2008,Cod,5,76136000,Cod5_Nums,Ageclass 5,,
2008,Cod,6,54240000,Cod6_Nums,Ageclass 6,,
2008,Cod,7,15532000,Cod7_Nums,Ageclass 7,,
2008,Cod,8,14466000,Cod8_Nums,Ageclass 8,,
2008,Cod,9,5085000,Cod9_Nums,Ageclass 9,,
2008,Cod,10,1788000,Cod10_Nums,Ageclass 10,,
2008,Cod,11,711000,Cod11_Nums,Ageclass 11,,
2008,Cod,12,112000,Cod12_Nums,Ageclass 12,,
2008,Cod,13,85000,Cod13_Nums,Ageclass 13,,
2008,Cod,14,15000,Cod14_Nums,Ageclass 14,,
2009,Cod,1,248856000,Cod1_Nums,Ageclass 1,,
2009,Cod,2,155386000,Cod2_Nums,Ageclass 2,,
2009,Cod,3,116816000,Cod3_Nums,Ageclass 3,,
2009,Cod,4,99818000,Cod4_Nums,Ageclass 4,,
2009,Cod,5,57945000,Cod5_Nums,Ageclass 5,,
2009,Cod,6,58635000,Cod6_Nums,Ageclass 6,,
2009,Cod,7,32204000,Cod7_Nums,Ageclass 7,,
2009,Cod,8,8211000,Cod8_Nums,Ageclass 8,,
2009,Cod,9,6839000,Cod9_Nums,Ageclass 9,,
2009,Cod,10,2286000,Cod10_Nums,Ageclass 10,,
2009,Cod,11,783000,Cod11_Nums,Ageclass 11,,
2009,Cod,12,315000,Cod12_Nums,Ageclass 12,,
2009,Cod,13,50000,Cod13_Nums,Ageclass 13,,
2009,Cod,14,38000,Cod14_Nums,Ageclass 14,,
2010,Cod,1,268982000,Cod1_Nums,Ageclass 1,,
2010,Cod,2,203746000,Cod2_Nums,Ageclass 2,,
2010,Cod,3,127219000,Cod3_Nums,Ageclass 3,,
2010,Cod,4,92723000,Cod4_Nums,Ageclass 4,,
2010,Cod,5,73965000,Cod5_Nums,Ageclass 5,,
2010,Cod,6,38965000,Cod6_Nums,Ageclass 6,,
2010,Cod,7,34355000,Cod7_Nums,Ageclass 7,,
2010,Cod,8,16909000,Cod8_Nums,Ageclass 8,,
2010,Cod,9,3854000,Cod9_Nums,Ageclass 9,,
2010,Cod,10,3051000,Cod10_Nums,Ageclass 10,,
2010,Cod,11,1017000,Cod11_Nums,Ageclass 11,,
2010,Cod,12,355000,Cod12_Nums,Ageclass 12,,
2010,Cod,13,143000,Cod13_Nums,Ageclass 13,,
2010,Cod,14,23000,Cod14_Nums,Ageclass 14,,
2011,Cod,1,194858000,Cod1_Nums,Ageclass 1,,
2011,Cod,2,220224000,Cod2_Nums,Ageclass 2,,
2011,Cod,3,166813000,Cod3_Nums,Ageclass 3,,
2011,Cod,4,101223000,Cod4_Nums,Ageclass 4,,
2011,Cod,5,69102000,Cod5_Nums,Ageclass 5,,
2011,Cod,6,50858000,Cod6_Nums,Ageclass 6,,
2011,Cod,7,24118000,Cod7_Nums,Ageclass 7,,
2011,Cod,8,19057000,Cod8_Nums,Ageclass 8,,
2011,Cod,9,8529000,Cod9_Nums,Ageclass 9,,
2011,Cod,10,1930000,Cod10_Nums,Ageclass 10,,
2011,Cod,11,1508000,Cod11_Nums,Ageclass 11,,
2011,Cod,12,517000,Cod12_Nums,Ageclass 12,,
2011,Cod,13,179000,Cod13_Nums,Ageclass 13,,
2011,Cod,14,74000,Cod14_Nums,Ageclass 14,,
2012,Cod,1,275063000,Cod1_Nums,Ageclass 1,,
2012,Cod,2,159536000,Cod2_Nums,Ageclass 2,,
2012,Cod,3,180304000,Cod3_Nums,Ageclass 3,,
2012,Cod,4,132889000,Cod4_Nums,Ageclass 4,,
2012,Cod,5,75520000,Cod5_Nums,Ageclass 5,,
2012,Cod,6,47697000,Cod6_Nums,Ageclass 6,,
2012,Cod,7,31901000,Cod7_Nums,Ageclass 7,,
2012,Cod,8,13786000,Cod8_Nums,Ageclass 8,,
2012,Cod,9,9984000,Cod9_Nums,Ageclass 9,,
2012,Cod,10,4464000,Cod10_Nums,Ageclass 10,,
2012,Cod,11,1003000,Cod11_Nums,Ageclass 11,,
2012,Cod,12,807000,Cod12_Nums,Ageclass 12,,
2012,Cod,13,274000,Cod13_Nums,Ageclass 13,,
2012,Cod,14,99000,Cod14_Nums,Ageclass 14,,
2013,Cod,1,244444000,Cod1_Nums,Ageclass 1,,
2013,Cod,2,225203000,Cod2_Nums,Ageclass 2,,
2013,Cod,3,130617000,Cod3_Nums,Ageclass 3,,
2013,Cod,4,143414000,Cod4_Nums,Ageclass 4,,
2013,Cod,5,98925000,Cod5_Nums,Ageclass 5,,
2013,Cod,6,52083000,Cod6_Nums,Ageclass 6,,
2013,Cod,7,29907000,Cod7_Nums,Ageclass 7,,
2013,Cod,8,18351000,Cod8_Nums,Ageclass 8,,
2013,Cod,9,7336000,Cod9_Nums,Ageclass 9,,
2013,Cod,10,5304000,Cod10_Nums,Ageclass 10,,
2013,Cod,11,2330000,Cod11_Nums,Ageclass 11,,
2013,Cod,12,538000,Cod12_Nums,Ageclass 12,,
2013,Cod,13,423000,Cod13_Nums,Ageclass 13,,
2013,Cod,14,149000,Cod14_Nums,Ageclass 14,,
1980,Saithe,1,3.20E+07,Saithe1_Nums,Ageclass 1,,
1980,Saithe,2,2.50E+07,Saithe2_Nums,Ageclass 2,,
1980,Saithe,3,2.80E+07,Saithe3_Nums,Ageclass 3,,
1980,Saithe,4,4.70E+07,Saithe4_Nums,Ageclass 4,,
1980,Saithe,5,3.10E+07,Saithe5_Nums,Ageclass 5,,
1980,Saithe,6,1.00E+07,Saithe6_Nums,Ageclass 6,,
1980,Saithe,7,8174000,Saithe7_Nums,Ageclass 7,,
1980,Saithe,8,3727000,Saithe8_Nums,Ageclass 8,,
1980,Saithe,9,1312000,Saithe9_Nums,Ageclass 9,,
1980,Saithe,10,731000,Saithe10_Nums,Ageclass 10,,
1980,Saithe,11,685000,Saithe11_Nums,Ageclass 11,,
1980,Saithe,12,509000,Saithe12_Nums,Ageclass 12,,
1980,Saithe,13,338000,Saithe13_Nums,Ageclass 13,,
1980,Saithe,14,124000,Saithe14_Nums,Ageclass 14,,
1981,Saithe,1,4.80E+07,Saithe1_Nums,Ageclass 1,,
1981,Saithe,2,2.60E+07,Saithe2_Nums,Ageclass 2,,
1981,Saithe,3,2.00E+07,Saithe3_Nums,Ageclass 3,,
1981,Saithe,4,2.30E+07,Saithe4_Nums,Ageclass 4,,
1981,Saithe,5,3.50E+07,Saithe5_Nums,Ageclass 5,,
1981,Saithe,6,2.10E+07,Saithe6_Nums,Ageclass 6,,
1981,Saithe,7,6300000,Saithe7_Nums,Ageclass 7,,
1981,Saithe,8,4661000,Saithe8_Nums,Ageclass 8,,
1981,Saithe,9,1976000,Saithe9_Nums,Ageclass 9,,
1981,Saithe,10,718000,Saithe10_Nums,Ageclass 10,,
1981,Saithe,11,388000,Saithe11_Nums,Ageclass 11,,
1981,Saithe,12,401000,Saithe12_Nums,Ageclass 12,,
1981,Saithe,13,292000,Saithe13_Nums,Ageclass 13,,
1981,Saithe,14,194000,Saithe14_Nums,Ageclass 14,,
1982,Saithe,1,6.20E+07,Saithe1_Nums,Ageclass 1,,
1982,Saithe,2,3.90E+07,Saithe2_Nums,Ageclass 2,,
1982,Saithe,3,2.20E+07,Saithe3_Nums,Ageclass 3,,
1982,Saithe,4,1.60E+07,Saithe4_Nums,Ageclass 4,,
1982,Saithe,5,1.70E+07,Saithe5_Nums,Ageclass 5,,
1982,Saithe,6,2.50E+07,Saithe6_Nums,Ageclass 6,,
1982,Saithe,7,1.30E+07,Saithe7_Nums,Ageclass 7,,
1982,Saithe,8,3733000,Saithe8_Nums,Ageclass 8,,
1982,Saithe,9,2588000,Saithe9_Nums,Ageclass 9,,
1982,Saithe,10,1129000,Saithe10_Nums,Ageclass 10,,
1982,Saithe,11,399000,Saithe11_Nums,Ageclass 11,,
1982,Saithe,12,235000,Saithe12_Nums,Ageclass 12,,
1982,Saithe,13,239000,Saithe13_Nums,Ageclass 13,,
1982,Saithe,14,174000,Saithe14_Nums,Ageclass 14,,
1983,Saithe,1,5.30E+07,Saithe1_Nums,Ageclass 1,,
1983,Saithe,2,5.10E+07,Saithe2_Nums,Ageclass 2,,
1983,Saithe,3,3.20E+07,Saithe3_Nums,Ageclass 3,,
1983,Saithe,4,1.70E+07,Saithe4_Nums,Ageclass 4,,
1983,Saithe,5,1.20E+07,Saithe5_Nums,Ageclass 5,,
1983,Saithe,6,1.20E+07,Saithe6_Nums,Ageclass 6,,
1983,Saithe,7,1.50E+07,Saithe7_Nums,Ageclass 7,,
1983,Saithe,8,7546000,Saithe8_Nums,Ageclass 8,,
1983,Saithe,9,1953000,Saithe9_Nums,Ageclass 9,,
1983,Saithe,10,1399000,Saithe10_Nums,Ageclass 10,,
1983,Saithe,11,591000,Saithe11_Nums,Ageclass 11,,
1983,Saithe,12,231000,Saithe12_Nums,Ageclass 12,,
1983,Saithe,13,133000,Saithe13_Nums,Ageclass 13,,
1983,Saithe,14,135000,Saithe14_Nums,Ageclass 14,,
1984,Saithe,1,1.00E+08,Saithe1_Nums,Ageclass 1,,
1984,Saithe,2,4.30E+07,Saithe2_Nums,Ageclass 2,,
1984,Saithe,3,4.20E+07,Saithe3_Nums,Ageclass 3,,
1984,Saithe,4,2.60E+07,Saithe4_Nums,Ageclass 4,,
1984,Saithe,5,1.30E+07,Saithe5_Nums,Ageclass 5,,
1984,Saithe,6,8648000,Saithe6_Nums,Ageclass 6,,
1984,Saithe,7,7550000,Saithe7_Nums,Ageclass 7,,
1984,Saithe,8,9055000,Saithe8_Nums,Ageclass 8,,
1984,Saithe,9,4314000,Saithe9_Nums,Ageclass 9,,
1984,Saithe,10,1146000,Saithe10_Nums,Ageclass 10,,
1984,Saithe,11,8.00E+05,Saithe11_Nums,Ageclass 11,,
1984,Saithe,12,366000,Saithe12_Nums,Ageclass 12,,
1984,Saithe,13,141000,Saithe13_Nums,Ageclass 13,,
1984,Saithe,14,81000,Saithe14_Nums,Ageclass 14,,
1985,Saithe,1,1.36E+08,Saithe1_Nums,Ageclass 1,,
1985,Saithe,2,8.20E+07,Saithe2_Nums,Ageclass 2,,
1985,Saithe,3,3.50E+07,Saithe3_Nums,Ageclass 3,,
1985,Saithe,4,3.40E+07,Saithe4_Nums,Ageclass 4,,
1985,Saithe,5,2.00E+07,Saithe5_Nums,Ageclass 5,,
1985,Saithe,6,9450000,Saithe6_Nums,Ageclass 6,,
1985,Saithe,7,5617000,Saithe7_Nums,Ageclass 7,,
1985,Saithe,8,4648000,Saithe8_Nums,Ageclass 8,,
1985,Saithe,9,5264000,Saithe9_Nums,Ageclass 9,,
1985,Saithe,10,2571000,Saithe10_Nums,Ageclass 10,,
1985,Saithe,11,666000,Saithe11_Nums,Ageclass 11,,
1985,Saithe,12,502000,Saithe12_Nums,Ageclass 12,,
1985,Saithe,13,226000,Saithe13_Nums,Ageclass 13,,
1985,Saithe,14,87000,Saithe14_Nums,Ageclass 14,,
1986,Saithe,1,7.50E+07,Saithe1_Nums,Ageclass 1,,
1986,Saithe,2,1.11E+08,Saithe2_Nums,Ageclass 2,,
1986,Saithe,3,6.70E+07,Saithe3_Nums,Ageclass 3,,
1986,Saithe,4,2.90E+07,Saithe4_Nums,Ageclass 4,,
1986,Saithe,5,2.60E+07,Saithe5_Nums,Ageclass 5,,
1986,Saithe,6,1.40E+07,Saithe6_Nums,Ageclass 6,,
1986,Saithe,7,6053000,Saithe7_Nums,Ageclass 7,,
1986,Saithe,8,3399000,Saithe8_Nums,Ageclass 8,,
1986,Saithe,9,2647000,Saithe9_Nums,Ageclass 9,,
1986,Saithe,10,3078000,Saithe10_Nums,Ageclass 10,,
1986,Saithe,11,1464000,Saithe11_Nums,Ageclass 11,,
1986,Saithe,12,412000,Saithe12_Nums,Ageclass 12,,
1986,Saithe,13,305000,Saithe13_Nums,Ageclass 13,,
1986,Saithe,14,138000,Saithe14_Nums,Ageclass 14,,
1987,Saithe,1,4.80E+07,Saithe1_Nums,Ageclass 1,,
1987,Saithe,2,6.20E+07,Saithe2_Nums,Ageclass 2,,
1987,Saithe,3,9.10E+07,Saithe3_Nums,Ageclass 3,,
1987,Saithe,4,5.40E+07,Saithe4_Nums,Ageclass 4,,
1987,Saithe,5,2.20E+07,Saithe5_Nums,Ageclass 5,,
1987,Saithe,6,1.80E+07,Saithe6_Nums,Ageclass 6,,
1987,Saithe,7,8678000,Saithe7_Nums,Ageclass 7,,
1987,Saithe,8,3498000,Saithe8_Nums,Ageclass 8,,
1987,Saithe,9,1832000,Saithe9_Nums,Ageclass 9,,
1987,Saithe,10,1470000,Saithe10_Nums,Ageclass 10,,
1987,Saithe,11,1659000,Saithe11_Nums,Ageclass 11,,
1987,Saithe,12,867000,Saithe12_Nums,Ageclass 12,,
1987,Saithe,13,239000,Saithe13_Nums,Ageclass 13,,
1987,Saithe,14,177000,Saithe14_Nums,Ageclass 14,,
1988,Saithe,1,3.10E+07,Saithe1_Nums,Ageclass 1,,
1988,Saithe,2,3.90E+07,Saithe2_Nums,Ageclass 2,,
1988,Saithe,3,5.10E+07,Saithe3_Nums,Ageclass 3,,
1988,Saithe,4,7.30E+07,Saithe4_Nums,Ageclass 4,,
1988,Saithe,5,4.00E+07,Saithe5_Nums,Ageclass 5,,
1988,Saithe,6,1.40E+07,Saithe6_Nums,Ageclass 6,,
1988,Saithe,7,1.00E+07,Saithe7_Nums,Ageclass 7,,
1988,Saithe,8,4605000,Saithe8_Nums,Ageclass 8,,
1988,Saithe,9,1702000,Saithe9_Nums,Ageclass 9,,
1988,Saithe,10,925000,Saithe10_Nums,Ageclass 10,,
1988,Saithe,11,715000,Saithe11_Nums,Ageclass 11,,
1988,Saithe,12,907000,Saithe12_Nums,Ageclass 12,,
1988,Saithe,13,463000,Saithe13_Nums,Ageclass 13,,
1988,Saithe,14,128000,Saithe14_Nums,Ageclass 14,,
1989,Saithe,1,4.40E+07,Saithe1_Nums,Ageclass 1,,
1989,Saithe,2,2.50E+07,Saithe2_Nums,Ageclass 2,,
1989,Saithe,3,3.20E+07,Saithe3_Nums,Ageclass 3,,
1989,Saithe,4,4.10E+07,Saithe4_Nums,Ageclass 4,,
1989,Saithe,5,5.50E+07,Saithe5_Nums,Ageclass 5,,
1989,Saithe,6,2.70E+07,Saithe6_Nums,Ageclass 6,,
1989,Saithe,7,8452000,Saithe7_Nums,Ageclass 7,,
1989,Saithe,8,5643000,Saithe8_Nums,Ageclass 8,,
1989,Saithe,9,2337000,Saithe9_Nums,Ageclass 9,,
1989,Saithe,10,894000,Saithe10_Nums,Ageclass 10,,
1989,Saithe,11,470000,Saithe11_Nums,Ageclass 11,,
1989,Saithe,12,404000,Saithe12_Nums,Ageclass 12,,
1989,Saithe,13,502000,Saithe13_Nums,Ageclass 13,,
1989,Saithe,14,256000,Saithe14_Nums,Ageclass 14,,
1990,Saithe,1,2.20E+07,Saithe1_Nums,Ageclass 1,,
1990,Saithe,2,3.60E+07,Saithe2_Nums,Ageclass 2,,
1990,Saithe,3,2.10E+07,Saithe3_Nums,Ageclass 3,,
1990,Saithe,4,2.60E+07,Saithe4_Nums,Ageclass 4,,
1990,Saithe,5,3.00E+07,Saithe5_Nums,Ageclass 5,,
1990,Saithe,6,3.70E+07,Saithe6_Nums,Ageclass 6,,
1990,Saithe,7,1.60E+07,Saithe7_Nums,Ageclass 7,,
1990,Saithe,8,4739000,Saithe8_Nums,Ageclass 8,,
1990,Saithe,9,2933000,Saithe9_Nums,Ageclass 9,,
1990,Saithe,10,1256000,Saithe10_Nums,Ageclass 10,,
1990,Saithe,11,465000,Saithe11_Nums,Ageclass 11,,
1990,Saithe,12,270000,Saithe12_Nums,Ageclass 12,,
1990,Saithe,13,228000,Saithe13_Nums,Ageclass 13,,
1990,Saithe,14,283000,Saithe14_Nums,Ageclass 14,,
1991,Saithe,1,3.00E+07,Saithe1_Nums,Ageclass 1,,
1991,Saithe,2,1.80E+07,Saithe2_Nums,Ageclass 2,,
1991,Saithe,3,2.90E+07,Saithe3_Nums,Ageclass 3,,
1991,Saithe,4,1.70E+07,Saithe4_Nums,Ageclass 4,,
1991,Saithe,5,1.90E+07,Saithe5_Nums,Ageclass 5,,
1991,Saithe,6,2.00E+07,Saithe6_Nums,Ageclass 6,,
1991,Saithe,7,3.10E+07,Saithe7_Nums,Ageclass 7,,
1991,Saithe,8,8633000,Saithe8_Nums,Ageclass 8,,
1991,Saithe,9,2311000,Saithe9_Nums,Ageclass 9,,
1991,Saithe,10,1485000,Saithe10_Nums,Ageclass 10,,
1991,Saithe,11,612000,Saithe11_Nums,Ageclass 11,,
1991,Saithe,12,255000,Saithe12_Nums,Ageclass 12,,
1991,Saithe,13,145000,Saithe13_Nums,Ageclass 13,,
1991,Saithe,14,122000,Saithe14_Nums,Ageclass 14,,
1992,Saithe,1,2.70E+07,Saithe1_Nums,Ageclass 1,,
1992,Saithe,2,2.40E+07,Saithe2_Nums,Ageclass 2,,
1992,Saithe,3,1.50E+07,Saithe3_Nums,Ageclass 3,,
1992,Saithe,4,2.40E+07,Saithe4_Nums,Ageclass 4,,
1992,Saithe,5,1.20E+07,Saithe5_Nums,Ageclass 5,,
1992,Saithe,6,1.20E+07,Saithe6_Nums,Ageclass 6,,
1992,Saithe,7,1.10E+07,Saithe7_Nums,Ageclass 7,,
1992,Saithe,8,1.60E+07,Saithe8_Nums,Ageclass 8,,
1992,Saithe,9,4062000,Saithe9_Nums,Ageclass 9,,
1992,Saithe,10,1132000,Saithe10_Nums,Ageclass 10,,
1992,Saithe,11,699000,Saithe11_Nums,Ageclass 11,,
1992,Saithe,12,326000,Saithe12_Nums,Ageclass 12,,
1992,Saithe,13,132000,Saithe13_Nums,Ageclass 13,,
1992,Saithe,14,75000,Saithe14_Nums,Ageclass 14,,
1993,Saithe,1,4.50E+07,Saithe1_Nums,Ageclass 1,,
1993,Saithe,2,2.20E+07,Saithe2_Nums,Ageclass 2,,
1993,Saithe,3,2.00E+07,Saithe3_Nums,Ageclass 3,,
1993,Saithe,4,1.20E+07,Saithe4_Nums,Ageclass 4,,
1993,Saithe,5,1.70E+07,Saithe5_Nums,Ageclass 5,,
1993,Saithe,6,8071000,Saithe6_Nums,Ageclass 6,,
1993,Saithe,7,7083000,Saithe7_Nums,Ageclass 7,,
1993,Saithe,8,5929000,Saithe8_Nums,Ageclass 8,,
1993,Saithe,9,7706000,Saithe9_Nums,Ageclass 9,,
1993,Saithe,10,2012000,Saithe10_Nums,Ageclass 10,,
1993,Saithe,11,539000,Saithe11_Nums,Ageclass 11,,
1993,Saithe,12,376000,Saithe12_Nums,Ageclass 12,,
1993,Saithe,13,171000,Saithe13_Nums,Ageclass 13,,
1993,Saithe,14,70000,Saithe14_Nums,Ageclass 14,,
1994,Saithe,1,3.90E+07,Saithe1_Nums,Ageclass 1,,
1994,Saithe,2,3.70E+07,Saithe2_Nums,Ageclass 2,,
1994,Saithe,3,1.80E+07,Saithe3_Nums,Ageclass 3,,
1994,Saithe,4,1.60E+07,Saithe4_Nums,Ageclass 4,,
1994,Saithe,5,8718000,Saithe5_Nums,Ageclass 5,,
1994,Saithe,6,1.10E+07,Saithe6_Nums,Ageclass 6,,
1994,Saithe,7,4444000,Saithe7_Nums,Ageclass 7,,
1994,Saithe,8,3557000,Saithe8_Nums,Ageclass 8,,
1994,Saithe,9,2699000,Saithe9_Nums,Ageclass 9,,
1994,Saithe,10,3661000,Saithe10_Nums,Ageclass 10,,
1994,Saithe,11,916000,Saithe11_Nums,Ageclass 11,,
1994,Saithe,12,280000,Saithe12_Nums,Ageclass 12,,
1994,Saithe,13,190000,Saithe13_Nums,Ageclass 13,,
1994,Saithe,14,87000,Saithe14_Nums,Ageclass 14,,
1995,Saithe,1,2.60E+07,Saithe1_Nums,Ageclass 1,,
1995,Saithe,2,3.20E+07,Saithe2_Nums,Ageclass 2,,
1995,Saithe,3,3.00E+07,Saithe3_Nums,Ageclass 3,,
1995,Saithe,4,1.40E+07,Saithe4_Nums,Ageclass 4,,
1995,Saithe,5,1.10E+07,Saithe5_Nums,Ageclass 5,,
1995,Saithe,6,5442000,Saithe6_Nums,Ageclass 6,,
1995,Saithe,7,5860000,Saithe7_Nums,Ageclass 7,,
1995,Saithe,8,2091000,Saithe8_Nums,Ageclass 8,,
1995,Saithe,9,1497000,Saithe9_Nums,Ageclass 9,,
1995,Saithe,10,1192000,Saithe10_Nums,Ageclass 10,,
1995,Saithe,11,1541000,Saithe11_Nums,Ageclass 11,,
1995,Saithe,12,448000,Saithe12_Nums,Ageclass 12,,
1995,Saithe,13,133000,Saithe13_Nums,Ageclass 13,,
1995,Saithe,14,90000,Saithe14_Nums,Ageclass 14,,
1996,Saithe,1,1.30E+07,Saithe1_Nums,Ageclass 1,,
1996,Saithe,2,2.10E+07,Saithe2_Nums,Ageclass 2,,
1996,Saithe,3,2.60E+07,Saithe3_Nums,Ageclass 3,,
1996,Saithe,4,2.40E+07,Saithe4_Nums,Ageclass 4,,
1996,Saithe,5,1.00E+07,Saithe5_Nums,Ageclass 5,,
1996,Saithe,6,7125000,Saithe6_Nums,Ageclass 6,,
1996,Saithe,7,2818000,Saithe7_Nums,Ageclass 7,,
1996,Saithe,8,2728000,Saithe8_Nums,Ageclass 8,,
1996,Saithe,9,869000,Saithe9_Nums,Ageclass 9,,
1996,Saithe,10,654000,Saithe10_Nums,Ageclass 10,,
1996,Saithe,11,496000,Saithe11_Nums,Ageclass 11,,
1996,Saithe,12,746000,Saithe12_Nums,Ageclass 12,,
1996,Saithe,13,210000,Saithe13_Nums,Ageclass 13,,
1996,Saithe,14,62000,Saithe14_Nums,Ageclass 14,,
1997,Saithe,1,4.60E+07,Saithe1_Nums,Ageclass 1,,
1997,Saithe,2,1.10E+07,Saithe2_Nums,Ageclass 2,,
1997,Saithe,3,1.70E+07,Saithe3_Nums,Ageclass 3,,
1997,Saithe,4,2.10E+07,Saithe4_Nums,Ageclass 4,,
1997,Saithe,5,1.80E+07,Saithe5_Nums,Ageclass 5,,
1997,Saithe,6,6558000,Saithe6_Nums,Ageclass 6,,
1997,Saithe,7,3914000,Saithe7_Nums,Ageclass 7,,
1997,Saithe,8,1411000,Saithe8_Nums,Ageclass 8,,
1997,Saithe,9,1238000,Saithe9_Nums,Ageclass 9,,
1997,Saithe,10,412000,Saithe10_Nums,Ageclass 10,,
1997,Saithe,11,297000,Saithe11_Nums,Ageclass 11,,
1997,Saithe,12,257000,Saithe12_Nums,Ageclass 12,,
1997,Saithe,13,377000,Saithe13_Nums,Ageclass 13,,
1997,Saithe,14,106000,Saithe14_Nums,Ageclass 14,,
1998,Saithe,1,4.80E+07,Saithe1_Nums,Ageclass 1,,
1998,Saithe,2,3.80E+07,Saithe2_Nums,Ageclass 2,,
1998,Saithe,3,8858000,Saithe3_Nums,Ageclass 3,,
1998,Saithe,4,1.40E+07,Saithe4_Nums,Ageclass 4,,
1998,Saithe,5,1.50E+07,Saithe5_Nums,Ageclass 5,,
1998,Saithe,6,1.10E+07,Saithe6_Nums,Ageclass 6,,
1998,Saithe,7,3943000,Saithe7_Nums,Ageclass 7,,
1998,Saithe,8,2128000,Saithe8_Nums,Ageclass 8,,
1998,Saithe,9,693000,Saithe9_Nums,Ageclass 9,,
1998,Saithe,10,588000,Saithe10_Nums,Ageclass 10,,
1998,Saithe,11,201000,Saithe11_Nums,Ageclass 11,,
1998,Saithe,12,144000,Saithe12_Nums,Ageclass 12,,
1998,Saithe,13,131000,Saithe13_Nums,Ageclass 13,,
1998,Saithe,14,193000,Saithe14_Nums,Ageclass 14,,
1999,Saithe,1,8.20E+07,Saithe1_Nums,Ageclass 1,,
1999,Saithe,2,3.90E+07,Saithe2_Nums,Ageclass 2,,
1999,Saithe,3,3.10E+07,Saithe3_Nums,Ageclass 3,,
1999,Saithe,4,7049000,Saithe4_Nums,Ageclass 4,,
1999,Saithe,5,9866000,Saithe5_Nums,Ageclass 5,,
1999,Saithe,6,1.00E+07,Saithe6_Nums,Ageclass 6,,
1999,Saithe,7,7273000,Saithe7_Nums,Ageclass 7,,
1999,Saithe,8,2319000,Saithe8_Nums,Ageclass 8,,
1999,Saithe,9,1153000,Saithe9_Nums,Ageclass 9,,
1999,Saithe,10,365000,Saithe10_Nums,Ageclass 10,,
1999,Saithe,11,317000,Saithe11_Nums,Ageclass 11,,
1999,Saithe,12,108000,Saithe12_Nums,Ageclass 12,,
1999,Saithe,13,81000,Saithe13_Nums,Ageclass 13,,
1999,Saithe,14,73000,Saithe14_Nums,Ageclass 14,,
2000,Saithe,1,9.60E+07,Saithe1_Nums,Ageclass 1,,
2000,Saithe,2,6.70E+07,Saithe2_Nums,Ageclass 2,,
2000,Saithe,3,3.20E+07,Saithe3_Nums,Ageclass 3,,
2000,Saithe,4,2.50E+07,Saithe4_Nums,Ageclass 4,,
2000,Saithe,5,5115000,Saithe5_Nums,Ageclass 5,,
2000,Saithe,6,6664000,Saithe6_Nums,Ageclass 6,,
2000,Saithe,7,6328000,Saithe7_Nums,Ageclass 7,,
2000,Saithe,8,4222000,Saithe8_Nums,Ageclass 8,,
2000,Saithe,9,1236000,Saithe9_Nums,Ageclass 9,,
2000,Saithe,10,597000,Saithe10_Nums,Ageclass 10,,
2000,Saithe,11,194000,Saithe11_Nums,Ageclass 11,,
2000,Saithe,12,168000,Saithe12_Nums,Ageclass 12,,
2000,Saithe,13,60000,Saithe13_Nums,Ageclass 13,,
2000,Saithe,14,45000,Saithe14_Nums,Ageclass 14,,
2001,Saithe,1,1.08E+08,Saithe1_Nums,Ageclass 1,,
2001,Saithe,2,7.90E+07,Saithe2_Nums,Ageclass 2,,
2001,Saithe,3,5.50E+07,Saithe3_Nums,Ageclass 3,,
2001,Saithe,4,2.50E+07,Saithe4_Nums,Ageclass 4,,
2001,Saithe,5,1.80E+07,Saithe5_Nums,Ageclass 5,,
2001,Saithe,6,3422000,Saithe6_Nums,Ageclass 6,,
2001,Saithe,7,4156000,Saithe7_Nums,Ageclass 7,,
2001,Saithe,8,3610000,Saithe8_Nums,Ageclass 8,,
2001,Saithe,9,2202000,Saithe9_Nums,Ageclass 9,,
2001,Saithe,10,626000,Saithe10_Nums,Ageclass 10,,
2001,Saithe,11,310000,Saithe11_Nums,Ageclass 11,,
2001,Saithe,12,1.00E+05,Saithe12_Nums,Ageclass 12,,
2001,Saithe,13,91000,Saithe13_Nums,Ageclass 13,,
2001,Saithe,14,32000,Saithe14_Nums,Ageclass 14,,
2002,Saithe,1,3.90E+07,Saithe1_Nums,Ageclass 1,,
2002,Saithe,2,8.90E+07,Saithe2_Nums,Ageclass 2,,
2002,Saithe,3,6.40E+07,Saithe3_Nums,Ageclass 3,,
2002,Saithe,4,4.40E+07,Saithe4_Nums,Ageclass 4,,
2002,Saithe,5,1.90E+07,Saithe5_Nums,Ageclass 5,,
2002,Saithe,6,1.20E+07,Saithe6_Nums,Ageclass 6,,
2002,Saithe,7,2231000,Saithe7_Nums,Ageclass 7,,
2002,Saithe,8,2515000,Saithe8_Nums,Ageclass 8,,
2002,Saithe,9,2027000,Saithe9_Nums,Ageclass 9,,
2002,Saithe,10,1206000,Saithe10_Nums,Ageclass 10,,
2002,Saithe,11,350000,Saithe11_Nums,Ageclass 11,,
2002,Saithe,12,173000,Saithe12_Nums,Ageclass 12,,
2002,Saithe,13,58000,Saithe13_Nums,Ageclass 13,,
2002,Saithe,14,52000,Saithe14_Nums,Ageclass 14,,
2003,Saithe,1,1.08E+08,Saithe1_Nums,Ageclass 1,,
2003,Saithe,2,3.20E+07,Saithe2_Nums,Ageclass 2,,
2003,Saithe,3,7.30E+07,Saithe3_Nums,Ageclass 3,,
2003,Saithe,4,5.10E+07,Saithe4_Nums,Ageclass 4,,
2003,Saithe,5,3.20E+07,Saithe5_Nums,Ageclass 5,,
2003,Saithe,6,1.30E+07,Saithe6_Nums,Ageclass 6,,
2003,Saithe,7,7864000,Saithe7_Nums,Ageclass 7,,
2003,Saithe,8,1315000,Saithe8_Nums,Ageclass 8,,
2003,Saithe,9,1366000,Saithe9_Nums,Ageclass 9,,
2003,Saithe,10,1072000,Saithe10_Nums,Ageclass 10,,
2003,Saithe,11,653000,Saithe11_Nums,Ageclass 11,,
2003,Saithe,12,189000,Saithe12_Nums,Ageclass 12,,
2003,Saithe,13,97000,Saithe13_Nums,Ageclass 13,,
2003,Saithe,14,33000,Saithe14_Nums,Ageclass 14,,
2004,Saithe,1,6.20E+07,Saithe1_Nums,Ageclass 1,,
2004,Saithe,2,8.90E+07,Saithe2_Nums,Ageclass 2,,
2004,Saithe,3,2.60E+07,Saithe3_Nums,Ageclass 3,,
2004,Saithe,4,5.80E+07,Saithe4_Nums,Ageclass 4,,
2004,Saithe,5,3.80E+07,Saithe5_Nums,Ageclass 5,,
2004,Saithe,6,2.20E+07,Saithe6_Nums,Ageclass 6,,
2004,Saithe,7,8173000,Saithe7_Nums,Ageclass 7,,
2004,Saithe,8,4668000,Saithe8_Nums,Ageclass 8,,
2004,Saithe,9,721000,Saithe9_Nums,Ageclass 9,,
2004,Saithe,10,729000,Saithe10_Nums,Ageclass 10,,
2004,Saithe,11,586000,Saithe11_Nums,Ageclass 11,,
2004,Saithe,12,356000,Saithe12_Nums,Ageclass 12,,
2004,Saithe,13,107000,Saithe13_Nums,Ageclass 13,,
2004,Saithe,14,55000,Saithe14_Nums,Ageclass 14,,
2005,Saithe,1,2.80E+07,Saithe1_Nums,Ageclass 1,,
2005,Saithe,2,5.10E+07,Saithe2_Nums,Ageclass 2,,
2005,Saithe,3,7.30E+07,Saithe3_Nums,Ageclass 3,,
2005,Saithe,4,2.00E+07,Saithe4_Nums,Ageclass 4,,
2005,Saithe,5,3.90E+07,Saithe5_Nums,Ageclass 5,,
2005,Saithe,6,2.40E+07,Saithe6_Nums,Ageclass 6,,
2005,Saithe,7,1.40E+07,Saithe7_Nums,Ageclass 7,,
2005,Saithe,8,5152000,Saithe8_Nums,Ageclass 8,,
2005,Saithe,9,3013000,Saithe9_Nums,Ageclass 9,,
2005,Saithe,10,453000,Saithe10_Nums,Ageclass 10,,
2005,Saithe,11,458000,Saithe11_Nums,Ageclass 11,,
2005,Saithe,12,355000,Saithe12_Nums,Ageclass 12,,
2005,Saithe,13,212000,Saithe13_Nums,Ageclass 13,,
2005,Saithe,14,64000,Saithe14_Nums,Ageclass 14,,
2006,Saithe,1,3.90E+07,Saithe1_Nums,Ageclass 1,,
2006,Saithe,2,2.30E+07,Saithe2_Nums,Ageclass 2,,
2006,Saithe,3,4.20E+07,Saithe3_Nums,Ageclass 3,,
2006,Saithe,4,5.70E+07,Saithe4_Nums,Ageclass 4,,
2006,Saithe,5,1.40E+07,Saithe5_Nums,Ageclass 5,,
2006,Saithe,6,2.40E+07,Saithe6_Nums,Ageclass 6,,
2006,Saithe,7,1.40E+07,Saithe7_Nums,Ageclass 7,,
2006,Saithe,8,8334000,Saithe8_Nums,Ageclass 8,,
2006,Saithe,9,3253000,Saithe9_Nums,Ageclass 9,,
2006,Saithe,10,1848000,Saithe10_Nums,Ageclass 10,,
2006,Saithe,11,277000,Saithe11_Nums,Ageclass 11,,
2006,Saithe,12,270000,Saithe12_Nums,Ageclass 12,,
2006,Saithe,13,206000,Saithe13_Nums,Ageclass 13,,
2006,Saithe,14,123000,Saithe14_Nums,Ageclass 14,,
2007,Saithe,1,5.70E+07,Saithe1_Nums,Ageclass 1,,
2007,Saithe,2,3.20E+07,Saithe2_Nums,Ageclass 2,,
2007,Saithe,3,1.90E+07,Saithe3_Nums,Ageclass 3,,
2007,Saithe,4,3.30E+07,Saithe4_Nums,Ageclass 4,,
2007,Saithe,5,3.70E+07,Saithe5_Nums,Ageclass 5,,
2007,Saithe,6,8114000,Saithe6_Nums,Ageclass 6,,
2007,Saithe,7,1.40E+07,Saithe7_Nums,Ageclass 7,,
2007,Saithe,8,8502000,Saithe8_Nums,Ageclass 8,,
2007,Saithe,9,5144000,Saithe9_Nums,Ageclass 9,,
2007,Saithe,10,1946000,Saithe10_Nums,Ageclass 10,,
2007,Saithe,11,1102000,Saithe11_Nums,Ageclass 11,,
2007,Saithe,12,159000,Saithe12_Nums,Ageclass 12,,
2007,Saithe,13,152000,Saithe13_Nums,Ageclass 13,,
2007,Saithe,14,116000,Saithe14_Nums,Ageclass 14,,
2008,Saithe,1,5.50E+07,Saithe1_Nums,Ageclass 1,,
2008,Saithe,2,4.70E+07,Saithe2_Nums,Ageclass 2,,
2008,Saithe,3,2.60E+07,Saithe3_Nums,Ageclass 3,,
2008,Saithe,4,1.50E+07,Saithe4_Nums,Ageclass 4,,
2008,Saithe,5,2.20E+07,Saithe5_Nums,Ageclass 5,,
2008,Saithe,6,2.30E+07,Saithe6_Nums,Ageclass 6,,
2008,Saithe,7,4885000,Saithe7_Nums,Ageclass 7,,
2008,Saithe,8,8686000,Saithe8_Nums,Ageclass 8,,
2008,Saithe,9,5363000,Saithe9_Nums,Ageclass 9,,
2008,Saithe,10,3152000,Saithe10_Nums,Ageclass 10,,
2008,Saithe,11,1189000,Saithe11_Nums,Ageclass 11,,
2008,Saithe,12,649000,Saithe12_Nums,Ageclass 12,,
2008,Saithe,13,92000,Saithe13_Nums,Ageclass 13,,
2008,Saithe,14,88000,Saithe14_Nums,Ageclass 14,,
2009,Saithe,1,6.60E+07,Saithe1_Nums,Ageclass 1,,
2009,Saithe,2,4.50E+07,Saithe2_Nums,Ageclass 2,,
2009,Saithe,3,3.80E+07,Saithe3_Nums,Ageclass 3,,
2009,Saithe,4,2.00E+07,Saithe4_Nums,Ageclass 4,,
2009,Saithe,5,9456000,Saithe5_Nums,Ageclass 5,,
2009,Saithe,6,1.30E+07,Saithe6_Nums,Ageclass 6,,
2009,Saithe,7,1.30E+07,Saithe7_Nums,Ageclass 7,,
2009,Saithe,8,2866000,Saithe8_Nums,Ageclass 8,,
2009,Saithe,9,5252000,Saithe9_Nums,Ageclass 9,,
2009,Saithe,10,3135000,Saithe10_Nums,Ageclass 10,,
2009,Saithe,11,1837000,Saithe11_Nums,Ageclass 11,,
2009,Saithe,12,663000,Saithe12_Nums,Ageclass 12,,
2009,Saithe,13,355000,Saithe13_Nums,Ageclass 13,,
2009,Saithe,14,50000,Saithe14_Nums,Ageclass 14,,
2010,Saithe,1,6.10E+07,Saithe1_Nums,Ageclass 1,,
2010,Saithe,2,5.40E+07,Saithe2_Nums,Ageclass 2,,
2010,Saithe,3,3.70E+07,Saithe3_Nums,Ageclass 3,,
2010,Saithe,4,3.00E+07,Saithe4_Nums,Ageclass 4,,
2010,Saithe,5,1.30E+07,Saithe5_Nums,Ageclass 5,,
2010,Saithe,6,5598000,Saithe6_Nums,Ageclass 6,,
2010,Saithe,7,7437000,Saithe7_Nums,Ageclass 7,,
2010,Saithe,8,7820000,Saithe8_Nums,Ageclass 8,,
2010,Saithe,9,1759000,Saithe9_Nums,Ageclass 9,,
2010,Saithe,10,3122000,Saithe10_Nums,Ageclass 10,,
2010,Saithe,11,1859000,Saithe11_Nums,Ageclass 11,,
2010,Saithe,12,1044000,Saithe12_Nums,Ageclass 12,,
2010,Saithe,13,370000,Saithe13_Nums,Ageclass 13,,
2010,Saithe,14,198000,Saithe14_Nums,Ageclass 14,,
2011,Saithe,1,6.30E+07,Saithe1_Nums,Ageclass 1,,
2011,Saithe,2,5.00E+07,Saithe2_Nums,Ageclass 2,,
2011,Saithe,3,4.40E+07,Saithe3_Nums,Ageclass 3,,
2011,Saithe,4,2.90E+07,Saithe4_Nums,Ageclass 4,,
2011,Saithe,5,2.00E+07,Saithe5_Nums,Ageclass 5,,
2011,Saithe,6,8150000,Saithe6_Nums,Ageclass 6,,
2011,Saithe,7,3362000,Saithe7_Nums,Ageclass 7,,
2011,Saithe,8,4561000,Saithe8_Nums,Ageclass 8,,
2011,Saithe,9,4923000,Saithe9_Nums,Ageclass 9,,
2011,Saithe,10,1076000,Saithe10_Nums,Ageclass 10,,
2011,Saithe,11,1904000,Saithe11_Nums,Ageclass 11,,
2011,Saithe,12,1091000,Saithe12_Nums,Ageclass 12,,
2011,Saithe,13,603000,Saithe13_Nums,Ageclass 13,,
2011,Saithe,14,214000,Saithe14_Nums,Ageclass 14,,
2012,Saithe,1,4.50E+07,Saithe1_Nums,Ageclass 1,,
2012,Saithe,2,5.20E+07,Saithe2_Nums,Ageclass 2,,
2012,Saithe,3,4.10E+07,Saithe3_Nums,Ageclass 3,,
2012,Saithe,4,3.50E+07,Saithe4_Nums,Ageclass 4,,
2012,Saithe,5,2.00E+07,Saithe5_Nums,Ageclass 5,,
2012,Saithe,6,1.20E+07,Saithe6_Nums,Ageclass 6,,
2012,Saithe,7,4996000,Saithe7_Nums,Ageclass 7,,
2012,Saithe,8,2102000,Saithe8_Nums,Ageclass 8,,
2012,Saithe,9,2921000,Saithe9_Nums,Ageclass 9,,
2012,Saithe,10,3068000,Saithe10_Nums,Ageclass 10,,
2012,Saithe,11,669000,Saithe11_Nums,Ageclass 11,,
2012,Saithe,12,1142000,Saithe12_Nums,Ageclass 12,,
2012,Saithe,13,644000,Saithe13_Nums,Ageclass 13,,
2012,Saithe,14,356000,Saithe14_Nums,Ageclass 14,,
2013,Saithe,1,1.39E+08,Saithe1_Nums,Ageclass 1,,
2013,Saithe,2,3.70E+07,Saithe2_Nums,Ageclass 2,,
2013,Saithe,3,4.20E+07,Saithe3_Nums,Ageclass 3,,
2013,Saithe,4,3.20E+07,Saithe4_Nums,Ageclass 4,,
2013,Saithe,5,2.30E+07,Saithe5_Nums,Ageclass 5,,
2013,Saithe,6,1.20E+07,Saithe6_Nums,Ageclass 6,,
2013,Saithe,7,7643000,Saithe7_Nums,Ageclass 7,,
2013,Saithe,8,3129000,Saithe8_Nums,Ageclass 8,,
2013,Saithe,9,1349000,Saithe9_Nums,Ageclass 9,,
2013,Saithe,10,1824000,Saithe10_Nums,Ageclass 10,,
2013,Saithe,11,1912000,Saithe11_Nums,Ageclass 11,,
2013,Saithe,12,402000,Saithe12_Nums,Ageclass 12,,
2013,Saithe,13,676000,Saithe13_Nums,Ageclass 13,,
2013,Saithe,14,381000,Saithe14_Nums,Ageclass 14,,
1979,Haddock,1,48417000,Haddock1_Nums,Ageclass 1,,
1979,Haddock,2,83382000,Haddock2_Nums,Ageclass 2,,
1979,Haddock,3,129393000,Haddock3_Nums,Ageclass 3,,
1979,Haddock,4,26959000,Haddock4_Nums,Ageclass 4,,
1979,Haddock,5,19575000,Haddock5_Nums,Ageclass 5,,
1979,Haddock,6,17554000,Haddock6_Nums,Ageclass 6,,
1979,Haddock,7,4298000,Haddock7_Nums,Ageclass 7,,
1979,Haddock,8,593000,Haddock8_Nums,Ageclass 8,,
1979,Haddock,9,126000,Haddock9_Nums,Ageclass 9,,
1979,Haddock,10,152000,Haddock10_Nums,Ageclass 10,,
1980,Haddock,1,12955000,Haddock1_Nums,Ageclass 1,,
1980,Haddock,2,39640000,Haddock2_Nums,Ageclass 2,,
1980,Haddock,3,67473000,Haddock3_Nums,Ageclass 3,,
1980,Haddock,4,96512000,Haddock4_Nums,Ageclass 4,,
1980,Haddock,5,16291000,Haddock5_Nums,Ageclass 5,,
1980,Haddock,6,9318000,Haddock6_Nums,Ageclass 6,,
1980,Haddock,7,6995000,Haddock7_Nums,Ageclass 7,,
1980,Haddock,8,1551000,Haddock8_Nums,Ageclass 8,,
1980,Haddock,9,201000,Haddock9_Nums,Ageclass 9,,
1980,Haddock,10,88000,Haddock10_Nums,Ageclass 10,,
1981,Haddock,1,56109000,Haddock1_Nums,Ageclass 1,,
1981,Haddock,2,10607000,Haddock2_Nums,Ageclass 2,,
1981,Haddock,3,32193000,Haddock3_Nums,Ageclass 3,,
1981,Haddock,4,51801000,Haddock4_Nums,Ageclass 4,,
1981,Haddock,5,64075000,Haddock5_Nums,Ageclass 5,,
1981,Haddock,6,9174000,Haddock6_Nums,Ageclass 6,,
1981,Haddock,7,4641000,Haddock7_Nums,Ageclass 7,,
1981,Haddock,8,3254000,Haddock8_Nums,Ageclass 8,,
1981,Haddock,9,690000,Haddock9_Nums,Ageclass 9,,
1981,Haddock,10,126000,Haddock10_Nums,Ageclass 10,,
1982,Haddock,1,41573000,Haddock1_Nums,Ageclass 1,,
1982,Haddock,2,45938000,Haddock2_Nums,Ageclass 2,,
1982,Haddock,3,8610000,Haddock3_Nums,Ageclass 3,,
1982,Haddock,4,24621000,Haddock4_Nums,Ageclass 4,,
1982,Haddock,5,33963000,Haddock5_Nums,Ageclass 5,,
1982,Haddock,6,35284000,Haddock6_Nums,Ageclass 6,,
1982,Haddock,7,4436000,Haddock7_Nums,Ageclass 7,,
1982,Haddock,8,2087000,Haddock8_Nums,Ageclass 8,,
1982,Haddock,9,1396000,Haddock9_Nums,Ageclass 9,,
1982,Haddock,10,344000,Haddock10_Nums,Ageclass 10,,
1983,Haddock,1,21985000,Haddock1_Nums,Ageclass 1,,
1983,Haddock,2,34037000,Haddock2_Nums,Ageclass 2,,
1983,Haddock,3,37270000,Haddock3_Nums,Ageclass 3,,
1983,Haddock,4,6556000,Haddock4_Nums,Ageclass 4,,
1983,Haddock,5,15916000,Haddock5_Nums,Ageclass 5,,
1983,Haddock,6,18237000,Haddock6_Nums,Ageclass 6,,
1983,Haddock,7,16498000,Haddock7_Nums,Ageclass 7,,
1983,Haddock,8,1920000,Haddock8_Nums,Ageclass 8,,
1983,Haddock,9,860000,Haddock9_Nums,Ageclass 9,,
1983,Haddock,10,702000,Haddock10_Nums,Ageclass 10,,
1984,Haddock,1,57192000,Haddock1_Nums,Ageclass 1,,
1984,Haddock,2,1.80E+07,Haddock2_Nums,Ageclass 2,,
1984,Haddock,3,27603000,Haddock3_Nums,Ageclass 3,,
1984,Haddock,4,28288000,Haddock4_Nums,Ageclass 4,,
1984,Haddock,5,4194000,Haddock5_Nums,Ageclass 5,,
1984,Haddock,6,8386000,Haddock6_Nums,Ageclass 6,,
1984,Haddock,7,8315000,Haddock7_Nums,Ageclass 7,,
1984,Haddock,8,6941000,Haddock8_Nums,Ageclass 8,,
1984,Haddock,9,767000,Haddock9_Nums,Ageclass 9,,
1984,Haddock,10,605000,Haddock10_Nums,Ageclass 10,,
1985,Haddock,1,114736000,Haddock1_Nums,Ageclass 1,,
1985,Haddock,2,46825000,Haddock2_Nums,Ageclass 2,,
1985,Haddock,3,14592000,Haddock3_Nums,Ageclass 3,,
1985,Haddock,4,20888000,Haddock4_Nums,Ageclass 4,,
1985,Haddock,5,17918000,Haddock5_Nums,Ageclass 5,,
1985,Haddock,6,2171000,Haddock6_Nums,Ageclass 6,,
1985,Haddock,7,3736000,Haddock7_Nums,Ageclass 7,,
1985,Haddock,8,3407000,Haddock8_Nums,Ageclass 8,,
1985,Haddock,9,2694000,Haddock9_Nums,Ageclass 9,,
1985,Haddock,10,514000,Haddock10_Nums,Ageclass 10,,
1986,Haddock,1,198001000,Haddock1_Nums,Ageclass 1,,
1986,Haddock,2,93938000,Haddock2_Nums,Ageclass 2,,
1986,Haddock,3,37556000,Haddock3_Nums,Ageclass 3,,
1986,Haddock,4,10479000,Haddock4_Nums,Ageclass 4,,
1986,Haddock,5,11147000,Haddock5_Nums,Ageclass 5,,
1986,Haddock,6,7916000,Haddock6_Nums,Ageclass 6,,
1986,Haddock,7,820000,Haddock7_Nums,Ageclass 7,,
1986,Haddock,8,1336000,Haddock8_Nums,Ageclass 8,,
1986,Haddock,9,1173000,Haddock9_Nums,Ageclass 9,,
1986,Haddock,10,1091000,Haddock10_Nums,Ageclass 10,,
1987,Haddock,1,50860000,Haddock1_Nums,Ageclass 1,,
1987,Haddock,2,162110000,Haddock2_Nums,Ageclass 2,,
1987,Haddock,3,75211000,Haddock3_Nums,Ageclass 3,,
1987,Haddock,4,25224000,Haddock4_Nums,Ageclass 4,,
1987,Haddock,5,5335000,Haddock5_Nums,Ageclass 5,,
1987,Haddock,6,4140000,Haddock6_Nums,Ageclass 6,,
1987,Haddock,7,2692000,Haddock7_Nums,Ageclass 7,,
1987,Haddock,8,252000,Haddock8_Nums,Ageclass 8,,
1987,Haddock,9,409000,Haddock9_Nums,Ageclass 9,,
1987,Haddock,10,674000,Haddock10_Nums,Ageclass 10,,
1988,Haddock,1,28964000,Haddock1_Nums,Ageclass 1,,
1988,Haddock,2,41641000,Haddock2_Nums,Ageclass 2,,
1988,Haddock,3,131683000,Haddock3_Nums,Ageclass 3,,
1988,Haddock,4,55880000,Haddock4_Nums,Ageclass 4,,
1988,Haddock,5,14010000,Haddock5_Nums,Ageclass 5,,
1988,Haddock,6,2474000,Haddock6_Nums,Ageclass 6,,
1988,Haddock,7,1656000,Haddock7_Nums,Ageclass 7,,
1988,Haddock,8,1030000,Haddock8_Nums,Ageclass 8,,
1988,Haddock,9,94000,Haddock9_Nums,Ageclass 9,,
1988,Haddock,10,393000,Haddock10_Nums,Ageclass 10,,
1989,Haddock,1,31428000,Haddock1_Nums,Ageclass 1,,
1989,Haddock,2,23714000,Haddock2_Nums,Ageclass 2,,
1989,Haddock,3,33695000,Haddock3_Nums,Ageclass 3,,
1989,Haddock,4,98724000,Haddock4_Nums,Ageclass 4,,
1989,Haddock,5,32064000,Haddock5_Nums,Ageclass 5,,
1989,Haddock,6,5697000,Haddock6_Nums,Ageclass 6,,
1989,Haddock,7,859000,Haddock7_Nums,Ageclass 7,,
1989,Haddock,8,546000,Haddock8_Nums,Ageclass 8,,
1989,Haddock,9,333000,Haddock9_Nums,Ageclass 9,,
1989,Haddock,10,150000,Haddock10_Nums,Ageclass 10,,
1990,Haddock,1,106736000,Haddock1_Nums,Ageclass 1,,
1990,Haddock,2,25731000,Haddock2_Nums,Ageclass 2,,
1990,Haddock,3,19201000,Haddock3_Nums,Ageclass 3,,
1990,Haddock,4,25684000,Haddock4_Nums,Ageclass 4,,
1990,Haddock,5,60894000,Haddock5_Nums,Ageclass 5,,
1990,Haddock,6,14782000,Haddock6_Nums,Ageclass 6,,
1990,Haddock,7,2125000,Haddock7_Nums,Ageclass 7,,
1990,Haddock,8,295000,Haddock8_Nums,Ageclass 8,,
1990,Haddock,9,184000,Haddock9_Nums,Ageclass 9,,
1990,Haddock,10,161000,Haddock10_Nums,Ageclass 10,,
1991,Haddock,1,199100000,Haddock1_Nums,Ageclass 1,,
1991,Haddock,2,87388000,Haddock2_Nums,Ageclass 2,,
1991,Haddock,3,20793000,Haddock3_Nums,Ageclass 3,,
1991,Haddock,4,14325000,Haddock4_Nums,Ageclass 4,,
1991,Haddock,5,15719000,Haddock5_Nums,Ageclass 5,,
1991,Haddock,6,29638000,Haddock6_Nums,Ageclass 6,,
1991,Haddock,7,5396000,Haddock7_Nums,Ageclass 7,,
1991,Haddock,8,670000,Haddock8_Nums,Ageclass 8,,
1991,Haddock,9,90000,Haddock9_Nums,Ageclass 9,,
1991,Haddock,10,101000,Haddock10_Nums,Ageclass 10,,
1992,Haddock,1,45499000,Haddock1_Nums,Ageclass 1,,
1992,Haddock,2,163009000,Haddock2_Nums,Ageclass 2,,
1992,Haddock,3,70772000,Haddock3_Nums,Ageclass 3,,
1992,Haddock,4,15433000,Haddock4_Nums,Ageclass 4,,
1992,Haddock,5,8066000,Haddock5_Nums,Ageclass 5,,
1992,Haddock,6,7342000,Haddock6_Nums,Ageclass 6,,
1992,Haddock,7,11719000,Haddock7_Nums,Ageclass 7,,
1992,Haddock,8,1884000,Haddock8_Nums,Ageclass 8,,
1992,Haddock,9,214000,Haddock9_Nums,Ageclass 9,,
1992,Haddock,10,58000,Haddock10_Nums,Ageclass 10,,
1993,Haddock,1,43168000,Haddock1_Nums,Ageclass 1,,
1993,Haddock,2,37252000,Haddock2_Nums,Ageclass 2,,
1993,Haddock,3,132128000,Haddock3_Nums,Ageclass 3,,
1993,Haddock,4,51302000,Haddock4_Nums,Ageclass 4,,
1993,Haddock,5,8698000,Haddock5_Nums,Ageclass 5,,
1993,Haddock,6,3476000,Haddock6_Nums,Ageclass 6,,
1993,Haddock,7,2535000,Haddock7_Nums,Ageclass 7,,
1993,Haddock,8,3573000,Haddock8_Nums,Ageclass 8,,
1993,Haddock,9,523000,Haddock9_Nums,Ageclass 9,,
1993,Haddock,10,68000,Haddock10_Nums,Ageclass 10,,
1994,Haddock,1,80176000,Haddock1_Nums,Ageclass 1,,
1994,Haddock,2,35343000,Haddock2_Nums,Ageclass 2,,
1994,Haddock,3,30155000,Haddock3_Nums,Ageclass 3,,
1994,Haddock,4,101012000,Haddock4_Nums,Ageclass 4,,
1994,Haddock,5,29600000,Haddock5_Nums,Ageclass 5,,
1994,Haddock,6,3578000,Haddock6_Nums,Ageclass 6,,
1994,Haddock,7,1292000,Haddock7_Nums,Ageclass 7,,
1994,Haddock,8,762000,Haddock8_Nums,Ageclass 8,,
1994,Haddock,9,1067000,Haddock9_Nums,Ageclass 9,,
1994,Haddock,10,161000,Haddock10_Nums,Ageclass 10,,
1995,Haddock,1,38284000,Haddock1_Nums,Ageclass 1,,
1995,Haddock,2,65642000,Haddock2_Nums,Ageclass 2,,
1995,Haddock,3,28491000,Haddock3_Nums,Ageclass 3,,
1995,Haddock,4,22454000,Haddock4_Nums,Ageclass 4,,
1995,Haddock,5,62456000,Haddock5_Nums,Ageclass 5,,
1995,Haddock,6,12231000,Haddock6_Nums,Ageclass 6,,
1995,Haddock,7,1166000,Haddock7_Nums,Ageclass 7,,
1995,Haddock,8,383000,Haddock8_Nums,Ageclass 8,,
1995,Haddock,9,198000,Haddock9_Nums,Ageclass 9,,
1995,Haddock,10,350000,Haddock10_Nums,Ageclass 10,,
1996,Haddock,1,112534000,Haddock1_Nums,Ageclass 1,,
1996,Haddock,2,31344000,Haddock2_Nums,Ageclass 2,,
1996,Haddock,3,53033000,Haddock3_Nums,Ageclass 3,,
1996,Haddock,4,20782000,Haddock4_Nums,Ageclass 4,,
1996,Haddock,5,13491000,Haddock5_Nums,Ageclass 5,,
1996,Haddock,6,29511000,Haddock6_Nums,Ageclass 6,,
1996,Haddock,7,3830000,Haddock7_Nums,Ageclass 7,,
1996,Haddock,8,298000,Haddock8_Nums,Ageclass 8,,
1996,Haddock,9,85000,Haddock9_Nums,Ageclass 9,,
1996,Haddock,10,154000,Haddock10_Nums,Ageclass 10,,
1997,Haddock,1,21401000,Haddock1_Nums,Ageclass 1,,
1997,Haddock,2,92135000,Haddock2_Nums,Ageclass 2,,
1997,Haddock,3,25277000,Haddock3_Nums,Ageclass 3,,
1997,Haddock,4,38644000,Haddock4_Nums,Ageclass 4,,
1997,Haddock,5,11690000,Haddock5_Nums,Ageclass 5,,
1997,Haddock,6,6258000,Haddock6_Nums,Ageclass 6,,
1997,Haddock,7,10569000,Haddock7_Nums,Ageclass 7,,
1997,Haddock,8,1012000,Haddock8_Nums,Ageclass 8,,
1997,Haddock,9,69000,Haddock9_Nums,Ageclass 9,,
1997,Haddock,10,52000,Haddock10_Nums,Ageclass 10,,
1998,Haddock,1,61054000,Haddock1_Nums,Ageclass 1,,
1998,Haddock,2,17521000,Haddock2_Nums,Ageclass 2,,
1998,Haddock,3,74455000,Haddock3_Nums,Ageclass 3,,
1998,Haddock,4,18906000,Haddock4_Nums,Ageclass 4,,
1998,Haddock,5,22550000,Haddock5_Nums,Ageclass 5,,
1998,Haddock,6,5133000,Haddock6_Nums,Ageclass 6,,
1998,Haddock,7,2515000,Haddock7_Nums,Ageclass 7,,
1998,Haddock,8,3442000,Haddock8_Nums,Ageclass 8,,
1998,Haddock,9,288000,Haddock9_Nums,Ageclass 9,,
1998,Haddock,10,31000,Haddock10_Nums,Ageclass 10,,
1999,Haddock,1,144387000,Haddock1_Nums,Ageclass 1,,
1999,Haddock,2,49987000,Haddock2_Nums,Ageclass 2,,
1999,Haddock,3,14090000,Haddock3_Nums,Ageclass 3,,
1999,Haddock,4,56159000,Haddock4_Nums,Ageclass 4,,
1999,Haddock,5,11580000,Haddock5_Nums,Ageclass 5,,
1999,Haddock,6,9959000,Haddock6_Nums,Ageclass 6,,
1999,Haddock,7,1783000,Haddock7_Nums,Ageclass 7,,
1999,Haddock,8,805000,Haddock8_Nums,Ageclass 8,,
1999,Haddock,9,953000,Haddock9_Nums,Ageclass 9,,
1999,Haddock,10,82000,Haddock10_Nums,Ageclass 10,,
2000,Haddock,1,187065000,Haddock1_Nums,Ageclass 1,,
2000,Haddock,2,118214000,Haddock2_Nums,Ageclass 2,,
2000,Haddock,3,40085000,Haddock3_Nums,Ageclass 3,,
2000,Haddock,4,10127000,Haddock4_Nums,Ageclass 4,,
2000,Haddock,5,34695000,Haddock5_Nums,Ageclass 5,,
2000,Haddock,6,4982000,Haddock6_Nums,Ageclass 6,,
2000,Haddock,7,2847000,Haddock7_Nums,Ageclass 7,,
2000,Haddock,8,447000,Haddock8_Nums,Ageclass 8,,
2000,Haddock,9,193000,Haddock9_Nums,Ageclass 9,,
2000,Haddock,10,233000,Haddock10_Nums,Ageclass 10,,
2001,Haddock,1,242500000,Haddock1_Nums,Ageclass 1,,
2001,Haddock,2,153156000,Haddock2_Nums,Ageclass 2,,
2001,Haddock,3,95342000,Haddock3_Nums,Ageclass 3,,
2001,Haddock,4,27675000,Haddock4_Nums,Ageclass 4,,
2001,Haddock,5,5586000,Haddock5_Nums,Ageclass 5,,
2001,Haddock,6,15740000,Haddock6_Nums,Ageclass 6,,
2001,Haddock,7,1658000,Haddock7_Nums,Ageclass 7,,
2001,Haddock,8,734000,Haddock8_Nums,Ageclass 8,,
2001,Haddock,9,110000,Haddock9_Nums,Ageclass 9,,
2001,Haddock,10,97000,Haddock10_Nums,Ageclass 10,,
2002,Haddock,1,56811000,Haddock1_Nums,Ageclass 1,,
2002,Haddock,2,198542000,Haddock2_Nums,Ageclass 2,,
2002,Haddock,3,123933000,Haddock3_Nums,Ageclass 3,,
2002,Haddock,4,71191000,Haddock4_Nums,Ageclass 4,,
2002,Haddock,5,15599000,Haddock5_Nums,Ageclass 5,,
2002,Haddock,6,2638000,Haddock6_Nums,Ageclass 6,,
2002,Haddock,7,7185000,Haddock7_Nums,Ageclass 7,,
2002,Haddock,8,637000,Haddock8_Nums,Ageclass 8,,
2002,Haddock,9,252000,Haddock9_Nums,Ageclass 9,,
2002,Haddock,10,65000,Haddock10_Nums,Ageclass 10,,
2003,Haddock,1,177672000,Haddock1_Nums,Ageclass 1,,
2003,Haddock,2,46513000,Haddock2_Nums,Ageclass 2,,
2003,Haddock,3,161064000,Haddock3_Nums,Ageclass 3,,
2003,Haddock,4,93720000,Haddock4_Nums,Ageclass 4,,
2003,Haddock,5,44976000,Haddock5_Nums,Ageclass 5,,
2003,Haddock,6,7666000,Haddock6_Nums,Ageclass 6,,
2003,Haddock,7,1137000,Haddock7_Nums,Ageclass 7,,
2003,Haddock,8,3082000,Haddock8_Nums,Ageclass 8,,
2003,Haddock,9,265000,Haddock9_Nums,Ageclass 9,,
2003,Haddock,10,110000,Haddock10_Nums,Ageclass 10,,
2004,Haddock,1,465661000,Haddock1_Nums,Ageclass 1,,
2004,Haddock,2,145466000,Haddock2_Nums,Ageclass 2,,
2004,Haddock,3,37484000,Haddock3_Nums,Ageclass 3,,
2004,Haddock,4,124582000,Haddock4_Nums,Ageclass 4,,
2004,Haddock,5,62613000,Haddock5_Nums,Ageclass 5,,
2004,Haddock,6,24893000,Haddock6_Nums,Ageclass 6,,
2004,Haddock,7,3565000,Haddock7_Nums,Ageclass 7,,
2004,Haddock,8,454000,Haddock8_Nums,Ageclass 8,,
2004,Haddock,9,1330000,Haddock9_Nums,Ageclass 9,,
2004,Haddock,10,146000,Haddock10_Nums,Ageclass 10,,
2005,Haddock,1,105809000,Haddock1_Nums,Ageclass 1,,
2005,Haddock,2,381251000,Haddock2_Nums,Ageclass 2,,
2005,Haddock,3,117963000,Haddock3_Nums,Ageclass 3,,
2005,Haddock,4,27489000,Haddock4_Nums,Ageclass 4,,
2005,Haddock,5,81423000,Haddock5_Nums,Ageclass 5,,
2005,Haddock,6,33208000,Haddock6_Nums,Ageclass 6,,
2005,Haddock,7,11375000,Haddock7_Nums,Ageclass 7,,
2005,Haddock,8,1410000,Haddock8_Nums,Ageclass 8,,
2005,Haddock,9,179000,Haddock9_Nums,Ageclass 9,,
2005,Haddock,10,559000,Haddock10_Nums,Ageclass 10,,
2006,Haddock,1,49324000,Haddock1_Nums,Ageclass 1,,
2006,Haddock,2,86629000,Haddock2_Nums,Ageclass 2,,
2006,Haddock,3,309770000,Haddock3_Nums,Ageclass 3,,
2006,Haddock,4,89091000,Haddock4_Nums,Ageclass 4,,
2006,Haddock,5,16608000,Haddock5_Nums,Ageclass 5,,
2006,Haddock,6,42899000,Haddock6_Nums,Ageclass 6,,
2006,Haddock,7,14866000,Haddock7_Nums,Ageclass 7,,
2006,Haddock,8,4401000,Haddock8_Nums,Ageclass 8,,
2006,Haddock,9,490000,Haddock9_Nums,Ageclass 9,,
2006,Haddock,10,249000,Haddock10_Nums,Ageclass 10,,
2007,Haddock,1,48537000,Haddock1_Nums,Ageclass 1,,
2007,Haddock,2,40383000,Haddock2_Nums,Ageclass 2,,
2007,Haddock,3,70480000,Haddock3_Nums,Ageclass 3,,
2007,Haddock,4,241053000,Haddock4_Nums,Ageclass 4,,
2007,Haddock,5,56753000,Haddock5_Nums,Ageclass 5,,
2007,Haddock,6,8355000,Haddock6_Nums,Ageclass 6,,
2007,Haddock,7,17694000,Haddock7_Nums,Ageclass 7,,
2007,Haddock,8,5231000,Haddock8_Nums,Ageclass 8,,
2007,Haddock,9,1448000,Haddock9_Nums,Ageclass 9,,
2007,Haddock,10,209000,Haddock10_Nums,Ageclass 10,,
2008,Haddock,1,143089000,Haddock1_Nums,Ageclass 1,,
2008,Haddock,2,39739000,Haddock2_Nums,Ageclass 2,,
2008,Haddock,3,32644000,Haddock3_Nums,Ageclass 3,,
2008,Haddock,4,54368000,Haddock4_Nums,Ageclass 4,,
2008,Haddock,5,162265000,Haddock5_Nums,Ageclass 5,,
2008,Haddock,6,28137000,Haddock6_Nums,Ageclass 6,,
2008,Haddock,7,3188000,Haddock7_Nums,Ageclass 7,,
2008,Haddock,8,5964000,Haddock8_Nums,Ageclass 8,,
2008,Haddock,9,1612000,Haddock9_Nums,Ageclass 9,,
2008,Haddock,10,493000,Haddock10_Nums,Ageclass 10,,
2009,Haddock,1,53324000,Haddock1_Nums,Ageclass 1,,
2009,Haddock,2,117151000,Haddock2_Nums,Ageclass 2,,
2009,Haddock,3,32081000,Haddock3_Nums,Ageclass 3,,
2009,Haddock,4,24873000,Haddock4_Nums,Ageclass 4,,
2009,Haddock,5,36703000,Haddock5_Nums,Ageclass 5,,
2009,Haddock,6,91627000,Haddock6_Nums,Ageclass 6,,
2009,Haddock,7,12043000,Haddock7_Nums,Ageclass 7,,
2009,Haddock,8,1063000,Haddock8_Nums,Ageclass 8,,
2009,Haddock,9,1765000,Haddock9_Nums,Ageclass 9,,
2009,Haddock,10,575000,Haddock10_Nums,Ageclass 10,,
2010,Haddock,1,44109000,Haddock1_Nums,Ageclass 1,,
2010,Haddock,2,43658000,Haddock2_Nums,Ageclass 2,,
2010,Haddock,3,95188000,Haddock3_Nums,Ageclass 3,,
2010,Haddock,4,23786000,Haddock4_Nums,Ageclass 4,,
2010,Haddock,5,15876000,Haddock5_Nums,Ageclass 5,,
2010,Haddock,6,20350000,Haddock6_Nums,Ageclass 6,,
2010,Haddock,7,42621000,Haddock7_Nums,Ageclass 7,,
2010,Haddock,8,4554000,Haddock8_Nums,Ageclass 8,,
2010,Haddock,9,335000,Haddock9_Nums,Ageclass 9,,
2010,Haddock,10,636000,Haddock10_Nums,Ageclass 10,,
2011,Haddock,1,30611000,Haddock1_Nums,Ageclass 1,,
2011,Haddock,2,36114000,Haddock2_Nums,Ageclass 2,,
2011,Haddock,3,35423000,Haddock3_Nums,Ageclass 3,,
2011,Haddock,4,72438000,Haddock4_Nums,Ageclass 4,,
2011,Haddock,5,14705000,Haddock5_Nums,Ageclass 5,,
2011,Haddock,6,8816000,Haddock6_Nums,Ageclass 6,,
2011,Haddock,7,9681000,Haddock7_Nums,Ageclass 7,,
2011,Haddock,8,17420000,Haddock8_Nums,Ageclass 8,,
2011,Haddock,9,1633000,Haddock9_Nums,Ageclass 9,,
2011,Haddock,10,292000,Haddock10_Nums,Ageclass 10,,
2012,Haddock,1,51696000,Haddock1_Nums,Ageclass 1,,
2012,Haddock,2,25062000,Haddock2_Nums,Ageclass 2,,
2012,Haddock,3,29311000,Haddock3_Nums,Ageclass 3,,
2012,Haddock,4,27126000,Haddock4_Nums,Ageclass 4,,
2012,Haddock,5,48987000,Haddock5_Nums,Ageclass 5,,
2012,Haddock,6,8363000,Haddock6_Nums,Ageclass 6,,
2012,Haddock,7,4652000,Haddock7_Nums,Ageclass 7,,
2012,Haddock,8,4675000,Haddock8_Nums,Ageclass 8,,
2012,Haddock,9,7761000,Haddock9_Nums,Ageclass 9,,
2012,Haddock,10,801000,Haddock10_Nums,Ageclass 10,,
2013,Haddock,1,35045000,Haddock1_Nums,Ageclass 1,,
2013,Haddock,2,42325000,Haddock2_Nums,Ageclass 2,,
2013,Haddock,3,20322000,Haddock3_Nums,Ageclass 3,,
2013,Haddock,4,22489000,Haddock4_Nums,Ageclass 4,,
2013,Haddock,5,18624000,Haddock5_Nums,Ageclass 5,,
2013,Haddock,6,29646000,Haddock6_Nums,Ageclass 6,,
2013,Haddock,7,4518000,Haddock7_Nums,Ageclass 7,,
2013,Haddock,8,2313000,Haddock8_Nums,Ageclass 8,,
2013,Haddock,9,2241000,Haddock9_Nums,Ageclass 9,,
2013,Haddock,10,4012000,Haddock10_Nums,Ageclass 10,,
